-- MySQL dump 10.13  Distrib 8.0.44, for Win64 (x86_64)
--
-- Host: localhost    Database: ari_stage
-- ------------------------------------------------------
-- Server version	8.0.44

/*!40101 SET @OLD_CHARACTER_SET_CLIENT=@@CHARACTER_SET_CLIENT */;
/*!40101 SET @OLD_CHARACTER_SET_RESULTS=@@CHARACTER_SET_RESULTS */;
/*!40101 SET @OLD_COLLATION_CONNECTION=@@COLLATION_CONNECTION */;
/*!50503 SET NAMES utf8 */;
/*!40103 SET @OLD_TIME_ZONE=@@TIME_ZONE */;
/*!40103 SET TIME_ZONE='+00:00' */;
/*!40014 SET @OLD_UNIQUE_CHECKS=@@UNIQUE_CHECKS, UNIQUE_CHECKS=0 */;
/*!40014 SET @OLD_FOREIGN_KEY_CHECKS=@@FOREIGN_KEY_CHECKS, FOREIGN_KEY_CHECKS=0 */;
/*!40101 SET @OLD_SQL_MODE=@@SQL_MODE, SQL_MODE='NO_AUTO_VALUE_ON_ZERO' */;
/*!40111 SET @OLD_SQL_NOTES=@@SQL_NOTES, SQL_NOTES=0 */;

--
-- Table structure for table `feature_flags`
--

DROP TABLE IF EXISTS `feature_flags`;
/*!40101 SET @saved_cs_client     = @@character_set_client */;
/*!50503 SET character_set_client = utf8mb4 */;
CREATE TABLE `feature_flags` (
  `key` varchar(191) CHARACTER SET utf8mb4 COLLATE utf8mb4_unicode_ci NOT NULL,
  `description` varchar(512) CHARACTER SET utf8mb4 COLLATE utf8mb4_unicode_ci DEFAULT NULL,
  `enabled` tinyint(1) NOT NULL DEFAULT '0',
  `updated_at` datetime NOT NULL DEFAULT CURRENT_TIMESTAMP ON UPDATE CURRENT_TIMESTAMP,
  PRIMARY KEY (`key`)
) ENGINE=InnoDB DEFAULT CHARSET=utf8mb4 COLLATE=utf8mb4_unicode_ci;
/*!40101 SET character_set_client = @saved_cs_client */;

--
-- Dumping data for table `feature_flags`
--

LOCK TABLES `feature_flags` WRITE;
/*!40000 ALTER TABLE `feature_flags` DISABLE KEYS */;
INSERT INTO `feature_flags` VALUES ('module.addSongs','יצירה/עריכה/מחיקה של שירים',1,'2026-01-19 21:46:21'),('module.charts','ניהול צ\'ארטים וקבצי תווים',1,'2026-01-19 21:45:46'),('module.lineups','ניהול ליינאפים ושירים בליינאפ',1,'2026-01-19 21:46:06'),('module.lyrics','ניהול מילים לשירים',1,'2026-01-19 21:46:07');
/*!40000 ALTER TABLE `feature_flags` ENABLE KEYS */;
UNLOCK TABLES;

--
-- Table structure for table `files`
--

DROP TABLE IF EXISTS `files`;
/*!40101 SET @saved_cs_client     = @@character_set_client */;
/*!50503 SET character_set_client = utf8mb4 */;
CREATE TABLE `files` (
  `id` int NOT NULL AUTO_INCREMENT,
  `user_id` int NOT NULL,
  `file_name` varchar(255) CHARACTER SET utf8mb4 COLLATE utf8mb4_general_ci NOT NULL,
  `file_url` text CHARACTER SET utf8mb4 COLLATE utf8mb4_general_ci NOT NULL,
  `file_type` varchar(50) CHARACTER SET utf8mb4 COLLATE utf8mb4_general_ci DEFAULT 'unknown',
  `created_at` timestamp NOT NULL DEFAULT CURRENT_TIMESTAMP,
  `context` varchar(255) CHARACTER SET utf8mb4 COLLATE utf8mb4_general_ci DEFAULT NULL,
  PRIMARY KEY (`id`),
  KEY `user_id` (`user_id`),
  CONSTRAINT `files_ibfk_1` FOREIGN KEY (`user_id`) REFERENCES `users` (`id`) ON DELETE CASCADE
) ENGINE=InnoDB DEFAULT CHARSET=utf8mb4 COLLATE=utf8mb4_general_ci;
/*!40101 SET character_set_client = @saved_cs_client */;

--
-- Dumping data for table `files`
--

LOCK TABLES `files` WRITE;
/*!40000 ALTER TABLE `files` DISABLE KEYS */;
/*!40000 ALTER TABLE `files` ENABLE KEYS */;
UNLOCK TABLES;

--
-- Table structure for table `lineup_shares`
--

DROP TABLE IF EXISTS `lineup_shares`;
/*!40101 SET @saved_cs_client     = @@character_set_client */;
/*!50503 SET character_set_client = utf8mb4 */;
CREATE TABLE `lineup_shares` (
  `id` int NOT NULL AUTO_INCREMENT,
  `lineup_id` int NOT NULL,
  `share_token` varchar(64) CHARACTER SET utf8mb4 COLLATE utf8mb4_general_ci NOT NULL,
  `is_active` tinyint(1) NOT NULL DEFAULT '1',
  `created_at` timestamp NOT NULL DEFAULT CURRENT_TIMESTAMP,
  PRIMARY KEY (`id`),
  UNIQUE KEY `share_token` (`share_token`),
  KEY `lineup_id` (`lineup_id`),
  CONSTRAINT `lineup_shares_ibfk_1` FOREIGN KEY (`lineup_id`) REFERENCES `lineups` (`id`) ON DELETE CASCADE
) ENGINE=InnoDB AUTO_INCREMENT=77 DEFAULT CHARSET=utf8mb4 COLLATE=utf8mb4_general_ci;
/*!40101 SET character_set_client = @saved_cs_client */;

--
-- Dumping data for table `lineup_shares`
--

LOCK TABLES `lineup_shares` WRITE;
/*!40000 ALTER TABLE `lineup_shares` DISABLE KEYS */;
/*!40000 ALTER TABLE `lineup_shares` ENABLE KEYS */;
UNLOCK TABLES;

--
-- Table structure for table `lineup_songs`
--

DROP TABLE IF EXISTS `lineup_songs`;
/*!40101 SET @saved_cs_client     = @@character_set_client */;
/*!50503 SET character_set_client = utf8mb4 */;
CREATE TABLE `lineup_songs` (
  `id` int NOT NULL AUTO_INCREMENT,
  `lineup_id` int NOT NULL,
  `song_id` int NOT NULL,
  `position` int NOT NULL DEFAULT '1',
  `chart_pdf` varchar(255) CHARACTER SET utf8mb4 COLLATE utf8mb4_general_ci DEFAULT NULL,
  PRIMARY KEY (`id`),
  KEY `lineup_id` (`lineup_id`),
  KEY `song_id` (`song_id`),
  CONSTRAINT `lineup_songs_ibfk_1` FOREIGN KEY (`lineup_id`) REFERENCES `lineups` (`id`) ON DELETE CASCADE,
  CONSTRAINT `lineup_songs_ibfk_2` FOREIGN KEY (`song_id`) REFERENCES `songs` (`id`) ON DELETE CASCADE
) ENGINE=InnoDB AUTO_INCREMENT=298 DEFAULT CHARSET=utf8mb4 COLLATE=utf8mb4_general_ci;
/*!40101 SET character_set_client = @saved_cs_client */;

--
-- Dumping data for table `lineup_songs`
--

LOCK TABLES `lineup_songs` WRITE;
/*!40000 ALTER TABLE `lineup_songs` DISABLE KEYS */;
INSERT INTO `lineup_songs` VALUES (233,25,51,1,'/uploads/charts/19/chart-233-1765178008981.pdf'),(234,25,52,2,NULL),(235,26,52,1,NULL),(236,27,56,1,NULL),(237,27,55,2,NULL),(238,27,54,3,NULL),(295,44,78,1,NULL),(296,44,77,2,NULL),(297,44,76,3,NULL);
/*!40000 ALTER TABLE `lineup_songs` ENABLE KEYS */;
UNLOCK TABLES;

--
-- Table structure for table `lineups`
--

DROP TABLE IF EXISTS `lineups`;
/*!40101 SET @saved_cs_client     = @@character_set_client */;
/*!50503 SET character_set_client = utf8mb4 */;
CREATE TABLE `lineups` (
  `id` int NOT NULL AUTO_INCREMENT,
  `title` varchar(255) CHARACTER SET utf8mb4 COLLATE utf8mb4_general_ci DEFAULT NULL,
  `date` date DEFAULT NULL,
  `time` time DEFAULT NULL,
  `location` varchar(255) CHARACTER SET utf8mb4 COLLATE utf8mb4_general_ci DEFAULT NULL,
  `description` text CHARACTER SET utf8mb4 COLLATE utf8mb4_general_ci,
  `created_by` int DEFAULT NULL,
  `created_at` timestamp NOT NULL DEFAULT CURRENT_TIMESTAMP,
  `updated_at` timestamp NULL DEFAULT NULL,
  PRIMARY KEY (`id`),
  KEY `created_by` (`created_by`),
  CONSTRAINT `lineups_ibfk_1` FOREIGN KEY (`created_by`) REFERENCES `users` (`id`) ON DELETE SET NULL
) ENGINE=InnoDB AUTO_INCREMENT=46 DEFAULT CHARSET=utf8mb4 COLLATE=utf8mb4_general_ci;
/*!40101 SET character_set_client = @saved_cs_client */;

--
-- Dumping data for table `lineups`
--

LOCK TABLES `lineups` WRITE;
/*!40000 ALTER TABLE `lineups` DISABLE KEYS */;
INSERT INTO `lineups` VALUES (25,'אשדוד','2025-12-24','10:06:00','אשדוד','',19,'2025-12-08 07:06:35',NULL),(26,'באר שבע','2025-12-20','14:13:00','באר שבע ','',19,'2025-12-08 09:13:44',NULL),(27,'באר שבע',NULL,NULL,'','',23,'2025-12-18 19:16:26',NULL),(44,'פארק הירקון',NULL,NULL,'','',22,'2026-01-07 15:59:00',NULL);
/*!40000 ALTER TABLE `lineups` ENABLE KEYS */;
UNLOCK TABLES;

--
-- Table structure for table `metrics`
--

DROP TABLE IF EXISTS `metrics`;
/*!40101 SET @saved_cs_client     = @@character_set_client */;
/*!50503 SET character_set_client = utf8mb4 */;
CREATE TABLE `metrics` (
  `id` int NOT NULL AUTO_INCREMENT,
  `user_id` int DEFAULT NULL,
  `action` varchar(255) CHARACTER SET utf8mb4 COLLATE utf8mb4_general_ci DEFAULT NULL,
  `value` varchar(255) CHARACTER SET utf8mb4 COLLATE utf8mb4_general_ci DEFAULT NULL,
  `created_at` timestamp NOT NULL DEFAULT CURRENT_TIMESTAMP,
  PRIMARY KEY (`id`),
  KEY `user_id` (`user_id`),
  CONSTRAINT `metrics_ibfk_1` FOREIGN KEY (`user_id`) REFERENCES `users` (`id`) ON DELETE SET NULL
) ENGINE=InnoDB DEFAULT CHARSET=utf8mb4 COLLATE=utf8mb4_general_ci;
/*!40101 SET character_set_client = @saved_cs_client */;

--
-- Dumping data for table `metrics`
--

LOCK TABLES `metrics` WRITE;
/*!40000 ALTER TABLE `metrics` DISABLE KEYS */;
/*!40000 ALTER TABLE `metrics` ENABLE KEYS */;
UNLOCK TABLES;

--
-- Table structure for table `notifications`
--

DROP TABLE IF EXISTS `notifications`;
/*!40101 SET @saved_cs_client     = @@character_set_client */;
/*!50503 SET character_set_client = utf8mb4 */;
CREATE TABLE `notifications` (
  `id` int NOT NULL AUTO_INCREMENT,
  `user_id` int NOT NULL,
  `title` varchar(255) CHARACTER SET utf8mb4 COLLATE utf8mb4_general_ci DEFAULT NULL,
  `body` text CHARACTER SET utf8mb4 COLLATE utf8mb4_general_ci,
  `is_read` tinyint(1) NOT NULL DEFAULT '0',
  `created_at` timestamp NOT NULL DEFAULT CURRENT_TIMESTAMP,
  PRIMARY KEY (`id`),
  KEY `user_id` (`user_id`),
  CONSTRAINT `notifications_ibfk_1` FOREIGN KEY (`user_id`) REFERENCES `users` (`id`) ON DELETE CASCADE
) ENGINE=InnoDB DEFAULT CHARSET=utf8mb4 COLLATE=utf8mb4_general_ci;
/*!40101 SET character_set_client = @saved_cs_client */;

--
-- Dumping data for table `notifications`
--

LOCK TABLES `notifications` WRITE;
/*!40000 ALTER TABLE `notifications` DISABLE KEYS */;
/*!40000 ALTER TABLE `notifications` ENABLE KEYS */;
UNLOCK TABLES;

--
-- Table structure for table `payments`
--

DROP TABLE IF EXISTS `payments`;
/*!40101 SET @saved_cs_client     = @@character_set_client */;
/*!50503 SET character_set_client = utf8mb4 */;
CREATE TABLE `payments` (
  `id` int NOT NULL AUTO_INCREMENT,
  `user_id` int NOT NULL,
  `provider` enum('mock','stripe','paypal') CHARACTER SET utf8mb4 COLLATE utf8mb4_general_ci NOT NULL DEFAULT 'mock',
  `transaction_id` varchar(255) CHARACTER SET utf8mb4 COLLATE utf8mb4_general_ci DEFAULT NULL,
  `plan` varchar(64) CHARACTER SET utf8mb4 COLLATE utf8mb4_general_ci NOT NULL,
  `billing_period` enum('monthly','yearly') CHARACTER SET utf8mb4 COLLATE utf8mb4_general_ci NOT NULL DEFAULT 'monthly',
  `amount` int NOT NULL COMMENT 'amount in ILS',
  `currency` varchar(10) CHARACTER SET utf8mb4 COLLATE utf8mb4_general_ci NOT NULL DEFAULT 'ILS',
  `status` enum('pending','paid','failed','refunded') CHARACTER SET utf8mb4 COLLATE utf8mb4_general_ci NOT NULL DEFAULT 'pending',
  `created_at` timestamp NOT NULL DEFAULT CURRENT_TIMESTAMP,
  `paid_at` timestamp NULL DEFAULT NULL,
  PRIMARY KEY (`id`),
  KEY `user_id` (`user_id`),
  KEY `status` (`status`),
  KEY `provider` (`provider`),
  CONSTRAINT `payments_ibfk_1` FOREIGN KEY (`user_id`) REFERENCES `users` (`id`) ON DELETE CASCADE
) ENGINE=InnoDB AUTO_INCREMENT=8 DEFAULT CHARSET=utf8mb4 COLLATE=utf8mb4_general_ci;
/*!40101 SET character_set_client = @saved_cs_client */;

--
-- Dumping data for table `payments`
--

LOCK TABLES `payments` WRITE;
/*!40000 ALTER TABLE `payments` DISABLE KEYS */;
INSERT INTO `payments` VALUES (1,21,'mock','mock_1767391922114_31z48o2d','pro','monthly',37,'ILS','paid','2026-01-02 22:12:02','2026-01-02 22:12:02'),(2,21,'mock','mock_1767394032128_rh8vnh42','pro','yearly',444,'ILS','paid','2026-01-02 22:47:12','2026-01-02 22:47:12'),(3,21,'mock','mock_1767563302131_ej0q8q35','pro','monthly',37,'ILS','paid','2026-01-04 21:48:22','2026-01-04 21:48:22'),(4,22,'mock','mock_1767734815482_il6isrss','pro','monthly',37,'ILS','paid','2026-01-06 21:26:55','2026-01-06 21:26:55'),(5,21,'mock','mock_1768850763393_1l2xwl7s','pro','monthly',37,'ILS','paid','2026-01-19 19:26:03','2026-01-19 19:26:03'),(6,21,'mock','mock_1768853197162_5ems5ute','pro','yearly',555,'ILS','paid','2026-01-19 20:06:37','2026-01-19 20:06:37'),(7,21,'mock','mock_1768941163894_k4vd5fho','basic','monthly',5,'ILS','paid','2026-01-20 20:32:43','2026-01-20 20:32:43');
/*!40000 ALTER TABLE `payments` ENABLE KEYS */;
UNLOCK TABLES;

--
-- Table structure for table `plans`
--

DROP TABLE IF EXISTS `plans`;
/*!40101 SET @saved_cs_client     = @@character_set_client */;
/*!50503 SET character_set_client = utf8mb4 */;
CREATE TABLE `plans` (
  `id` int NOT NULL AUTO_INCREMENT,
  `key` varchar(64) CHARACTER SET utf8mb4 COLLATE utf8mb4_general_ci NOT NULL,
  `name` varchar(255) CHARACTER SET utf8mb4 COLLATE utf8mb4_general_ci NOT NULL,
  `description` varchar(512) CHARACTER SET utf8mb4 COLLATE utf8mb4_general_ci DEFAULT NULL,
  `currency` char(3) CHARACTER SET utf8mb4 COLLATE utf8mb4_general_ci NOT NULL DEFAULT 'ILS',
  `monthly_price` int NOT NULL DEFAULT '0',
  `yearly_price` int NOT NULL DEFAULT '0',
  `enabled` tinyint(1) NOT NULL DEFAULT '1',
  `created_at` timestamp NOT NULL DEFAULT CURRENT_TIMESTAMP,
  `updated_at` timestamp NULL DEFAULT NULL ON UPDATE CURRENT_TIMESTAMP,
  PRIMARY KEY (`id`),
  UNIQUE KEY `uk_plans_key` (`key`)
) ENGINE=InnoDB AUTO_INCREMENT=7 DEFAULT CHARSET=utf8mb4 COLLATE=utf8mb4_general_ci;
/*!40101 SET character_set_client = @saved_cs_client */;

--
-- Dumping data for table `plans`
--

LOCK TABLES `plans` WRITE;
/*!40000 ALTER TABLE `plans` DISABLE KEYS */;
INSERT INTO `plans` VALUES (1,'pro','Pro','Default paid plan','ILS',55,555,1,'2026-01-06 20:29:15','2026-01-19 19:13:29'),(2,'trial','Trial','Default trial plan','ILS',0,0,1,'2026-01-06 20:29:15','2026-01-17 19:15:16'),(3,'vip','vip','vip mosh','ILS',20,200,1,'2026-01-06 21:25:28','2026-01-17 19:15:16'),(6,'basic','basic','basic','ILS',5,500,1,'2026-01-19 19:24:40',NULL);
/*!40000 ALTER TABLE `plans` ENABLE KEYS */;
UNLOCK TABLES;

--
-- Table structure for table `song_charts`
--

DROP TABLE IF EXISTS `song_charts`;
/*!40101 SET @saved_cs_client     = @@character_set_client */;
/*!50503 SET character_set_client = utf8mb4 */;
CREATE TABLE `song_charts` (
  `id` int NOT NULL AUTO_INCREMENT,
  `song_id` int NOT NULL,
  `user_id` int NOT NULL,
  `file_path` varchar(255) CHARACTER SET utf8mb4 COLLATE utf8mb4_unicode_ci NOT NULL,
  `uploaded_at` datetime DEFAULT CURRENT_TIMESTAMP,
  PRIMARY KEY (`id`),
  KEY `song_id` (`song_id`),
  KEY `user_id` (`user_id`),
  CONSTRAINT `song_charts_ibfk_1` FOREIGN KEY (`song_id`) REFERENCES `songs` (`id`) ON DELETE CASCADE,
  CONSTRAINT `song_charts_ibfk_2` FOREIGN KEY (`user_id`) REFERENCES `users` (`id`) ON DELETE CASCADE
) ENGINE=InnoDB AUTO_INCREMENT=41 DEFAULT CHARSET=utf8mb4 COLLATE=utf8mb4_unicode_ci;
/*!40101 SET character_set_client = @saved_cs_client */;

--
-- Dumping data for table `song_charts`
--

LOCK TABLES `song_charts` WRITE;
/*!40000 ALTER TABLE `song_charts` DISABLE KEYS */;
INSERT INTO `song_charts` VALUES (1,56,21,'C:\\AriStage\\server\\uploads\\charts\\21\\song-chart-56-1766089453480.jpeg','2025-12-18 22:24:13'),(3,56,23,'C:\\AriStage\\server\\uploads\\charts\\23\\song-chart-56-1766089503770.jpeg','2025-12-18 22:25:03'),(17,56,22,'uploads/charts/22/song-chart-56-1766144739787.jpeg','2025-12-19 13:45:39'),(36,77,22,'uploads/charts/22/song-chart-77-1767734641207.jpg','2026-01-06 23:24:01'),(37,78,21,'uploads/charts/21/song-chart-78-1767801621725.jpeg','2026-01-07 18:00:21'),(38,77,21,'uploads/charts/21/song-chart-77-1767801624433.jpeg','2026-01-07 18:00:24');
/*!40000 ALTER TABLE `song_charts` ENABLE KEYS */;
UNLOCK TABLES;

--
-- Table structure for table `song_lyrics`
--

DROP TABLE IF EXISTS `song_lyrics`;
/*!40101 SET @saved_cs_client     = @@character_set_client */;
/*!50503 SET character_set_client = utf8mb4 */;
CREATE TABLE `song_lyrics` (
  `id` int NOT NULL AUTO_INCREMENT,
  `song_id` int NOT NULL,
  `lyrics_text` longtext CHARACTER SET utf8mb4 COLLATE utf8mb4_general_ci NOT NULL,
  `created_at` timestamp NOT NULL DEFAULT CURRENT_TIMESTAMP,
  `updated_at` timestamp NOT NULL DEFAULT CURRENT_TIMESTAMP ON UPDATE CURRENT_TIMESTAMP,
  PRIMARY KEY (`id`),
  UNIQUE KEY `uniq_song_lyrics_song_id` (`song_id`),
  CONSTRAINT `fk_song_lyrics_song_id` FOREIGN KEY (`song_id`) REFERENCES `songs` (`id`) ON DELETE CASCADE
) ENGINE=InnoDB AUTO_INCREMENT=8 DEFAULT CHARSET=utf8mb4 COLLATE=utf8mb4_general_ci;
/*!40101 SET character_set_client = @saved_cs_client */;

--
-- Dumping data for table `song_lyrics`
--

LOCK TABLES `song_lyrics` WRITE;
/*!40000 ALTER TABLE `song_lyrics` DISABLE KEYS */;
INSERT INTO `song_lyrics` VALUES (1,76,'','2026-01-17 20:58:21','2026-01-17 21:00:53'),(7,78,'ארי סבוני','2026-01-17 22:00:21','2026-01-17 22:00:21');
/*!40000 ALTER TABLE `song_lyrics` ENABLE KEYS */;
UNLOCK TABLES;

--
-- Table structure for table `songs`
--

DROP TABLE IF EXISTS `songs`;
/*!40101 SET @saved_cs_client     = @@character_set_client */;
/*!50503 SET character_set_client = utf8mb4 */;
CREATE TABLE `songs` (
  `id` int NOT NULL AUTO_INCREMENT,
  `title` varchar(255) CHARACTER SET utf8mb4 COLLATE utf8mb4_general_ci DEFAULT NULL,
  `artist` varchar(255) CHARACTER SET utf8mb4 COLLATE utf8mb4_general_ci DEFAULT NULL,
  `bpm` int DEFAULT NULL,
  `key_sig` varchar(32) CHARACTER SET utf8mb4 COLLATE utf8mb4_general_ci DEFAULT NULL,
  `duration_sec` varchar(10) CHARACTER SET utf8mb4 COLLATE utf8mb4_general_ci DEFAULT NULL,
  `notes` text CHARACTER SET utf8mb4 COLLATE utf8mb4_general_ci,
  `chart_pdf` varchar(255) CHARACTER SET utf8mb4 COLLATE utf8mb4_general_ci DEFAULT NULL,
  `user_id` int NOT NULL,
  `created_at` timestamp NOT NULL DEFAULT CURRENT_TIMESTAMP,
  PRIMARY KEY (`id`),
  KEY `user_id` (`user_id`),
  CONSTRAINT `songs_ibfk_1` FOREIGN KEY (`user_id`) REFERENCES `users` (`id`) ON DELETE CASCADE
) ENGINE=InnoDB AUTO_INCREMENT=83 DEFAULT CHARSET=utf8mb4 COLLATE=utf8mb4_general_ci;
/*!40101 SET character_set_client = @saved_cs_client */;

--
-- Dumping data for table `songs`
--

LOCK TABLES `songs` WRITE;
/*!40000 ALTER TABLE `songs` DISABLE KEYS */;
INSERT INTO `songs` VALUES (51,'צליל מיתר','אייל גולן',80,'C Major','3:00','שקט',NULL,19,'2025-12-08 06:32:53'),(52,'משוגעת','שרית חדד',120,'C Major','4:00','קצבי','/uploads/charts/20/song-chart-52-1765194627366.pdf',19,'2025-12-08 07:14:13'),(54,'אהבת רק אותי','',NULL,'C Major','00:00','',NULL,23,'2025-12-16 10:51:14'),(55,'חסרהל י במרות','',NULL,'C Major','00:00','',NULL,23,'2025-12-18 19:16:16'),(56,'אני ואתה','',NULL,'C Major','00:00','שמח',NULL,23,'2025-12-18 19:16:21'),(76,'מאמי זה נגמר','עומר אדם',80,'D Major','00:02','קליל',NULL,22,'2025-12-31 18:40:34'),(77,'תהום','עומר אדם',78,'D# Major','00:04','שקט',NULL,22,'2025-12-31 18:40:46'),(78,'אקדח','עומר אדם',90,'A# Melodic Minor','7:01','קליל',NULL,22,'2025-12-31 18:41:09');
/*!40000 ALTER TABLE `songs` ENABLE KEYS */;
UNLOCK TABLES;

--
-- Table structure for table `subscriptions_settings`
--

DROP TABLE IF EXISTS `subscriptions_settings`;
/*!40101 SET @saved_cs_client     = @@character_set_client */;
/*!50503 SET character_set_client = utf8mb4 */;
CREATE TABLE `subscriptions_settings` (
  `id` int NOT NULL,
  `is_enabled` tinyint(1) NOT NULL DEFAULT '1',
  `price_ils` int NOT NULL DEFAULT '29',
  `trial_days` int NOT NULL DEFAULT '14',
  `updated_at` timestamp NOT NULL DEFAULT CURRENT_TIMESTAMP ON UPDATE CURRENT_TIMESTAMP,
  PRIMARY KEY (`id`)
) ENGINE=InnoDB DEFAULT CHARSET=utf8mb4 COLLATE=utf8mb4_general_ci;
/*!40101 SET character_set_client = @saved_cs_client */;

--
-- Dumping data for table `subscriptions_settings`
--

LOCK TABLES `subscriptions_settings` WRITE;
/*!40000 ALTER TABLE `subscriptions_settings` DISABLE KEYS */;
INSERT INTO `subscriptions_settings` VALUES (1,1,37,14,'2026-01-02 13:07:54');
/*!40000 ALTER TABLE `subscriptions_settings` ENABLE KEYS */;
UNLOCK TABLES;

--
-- Table structure for table `system_errors`
--

DROP TABLE IF EXISTS `system_errors`;
/*!40101 SET @saved_cs_client     = @@character_set_client */;
/*!50503 SET character_set_client = utf8mb4 */;
CREATE TABLE `system_errors` (
  `id` int NOT NULL AUTO_INCREMENT,
  `message` varchar(1000) CHARACTER SET utf8mb4 COLLATE utf8mb4_unicode_ci NOT NULL,
  `route` varchar(512) CHARACTER SET utf8mb4 COLLATE utf8mb4_unicode_ci DEFAULT NULL,
  `user` varchar(512) CHARACTER SET utf8mb4 COLLATE utf8mb4_unicode_ci DEFAULT NULL,
  `status` int DEFAULT NULL,
  `stack` text CHARACTER SET utf8mb4 COLLATE utf8mb4_unicode_ci,
  `resolved` tinyint(1) NOT NULL DEFAULT '0',
  `created_at` datetime NOT NULL DEFAULT CURRENT_TIMESTAMP,
  PRIMARY KEY (`id`),
  KEY `idx_system_errors_created_at` (`created_at`),
  KEY `idx_system_errors_resolved` (`resolved`)
) ENGINE=InnoDB AUTO_INCREMENT=55 DEFAULT CHARSET=utf8mb4 COLLATE=utf8mb4_unicode_ci;
/*!40101 SET character_set_client = @saved_cs_client */;

--
-- Dumping data for table `system_errors`
--

LOCK TABLES `system_errors` WRITE;
/*!40000 ALTER TABLE `system_errors` DISABLE KEYS */;
INSERT INTO `system_errors` VALUES (1,'Unknown column \'is_active\' in \'field list\'','GET /api/admin/users','23 shiraz00012000@gmail.com',500,'Error: Unknown column \'is_active\' in \'field list\'\n    at PromisePool.query (C:\\AriStage\\server\\node_modules\\mysql2\\lib\\promise\\pool.js:36:22)\n    at Object.listUsers (C:\\AriStage\\server\\src\\src\\modules\\adminUsers\\adminUsers.repository.ts:40:29)\n    at <anonymous> (C:\\AriStage\\server\\src\\src\\modules\\adminUsers\\adminUsers.controller.ts:134:45)\n    at <anonymous> (C:\\AriStage\\server\\src\\src\\core\\asyncHandler.ts:11:21)\n    at Layer.handle [as handle_request] (C:\\AriStage\\server\\node_modules\\express\\lib\\router\\layer.js:95:5)\n    at next (C:\\AriStage\\server\\node_modules\\express\\lib\\router\\route.js:149:13)\n    at Route.dispatch (C:\\AriStage\\server\\node_modules\\express\\lib\\router\\route.js:119:3)\n    at Layer.handle [as handle_request] (C:\\AriStage\\server\\node_modules\\express\\lib\\router\\layer.js:95:5)\n    at C:\\AriStage\\server\\node_modules\\express\\lib\\router\\index.js:284:15\n    at router.process_params (C:\\AriStage\\server\\node_modules\\express\\lib\\router\\index.js:346:12)',0,'2026-01-07 12:25:49'),(2,'Unknown column \'is_active\' in \'field list\'','GET /api/admin/users','23 shiraz00012000@gmail.com',500,'Error: Unknown column \'is_active\' in \'field list\'\n    at PromisePool.query (C:\\AriStage\\server\\node_modules\\mysql2\\lib\\promise\\pool.js:36:22)\n    at Object.listUsers (C:\\AriStage\\server\\src\\src\\modules\\adminUsers\\adminUsers.repository.ts:40:29)\n    at <anonymous> (C:\\AriStage\\server\\src\\src\\modules\\adminUsers\\adminUsers.controller.ts:134:45)\n    at <anonymous> (C:\\AriStage\\server\\src\\src\\core\\asyncHandler.ts:11:21)\n    at Layer.handle [as handle_request] (C:\\AriStage\\server\\node_modules\\express\\lib\\router\\layer.js:95:5)\n    at next (C:\\AriStage\\server\\node_modules\\express\\lib\\router\\route.js:149:13)\n    at Route.dispatch (C:\\AriStage\\server\\node_modules\\express\\lib\\router\\route.js:119:3)\n    at Layer.handle [as handle_request] (C:\\AriStage\\server\\node_modules\\express\\lib\\router\\layer.js:95:5)\n    at C:\\AriStage\\server\\node_modules\\express\\lib\\router\\index.js:284:15\n    at router.process_params (C:\\AriStage\\server\\node_modules\\express\\lib\\router\\index.js:346:12)',0,'2026-01-07 12:25:49'),(3,'Unknown column \'is_active\' in \'field list\'','GET /api/admin/users','23 shiraz00012000@gmail.com',500,'Error: Unknown column \'is_active\' in \'field list\'\n    at PromisePool.query (C:\\AriStage\\server\\node_modules\\mysql2\\lib\\promise\\pool.js:36:22)\n    at Object.listUsers (C:\\AriStage\\server\\src\\src\\modules\\adminUsers\\adminUsers.repository.ts:40:29)\n    at <anonymous> (C:\\AriStage\\server\\src\\src\\modules\\adminUsers\\adminUsers.controller.ts:134:45)\n    at <anonymous> (C:\\AriStage\\server\\src\\src\\core\\asyncHandler.ts:11:21)\n    at Layer.handle [as handle_request] (C:\\AriStage\\server\\node_modules\\express\\lib\\router\\layer.js:95:5)\n    at next (C:\\AriStage\\server\\node_modules\\express\\lib\\router\\route.js:149:13)\n    at Route.dispatch (C:\\AriStage\\server\\node_modules\\express\\lib\\router\\route.js:119:3)\n    at Layer.handle [as handle_request] (C:\\AriStage\\server\\node_modules\\express\\lib\\router\\layer.js:95:5)\n    at C:\\AriStage\\server\\node_modules\\express\\lib\\router\\index.js:284:15\n    at router.process_params (C:\\AriStage\\server\\node_modules\\express\\lib\\router\\index.js:346:12)',0,'2026-01-07 12:25:49'),(4,'Unknown column \'is_active\' in \'field list\'','GET /api/admin/users','23 shiraz00012000@gmail.com',500,'Error: Unknown column \'is_active\' in \'field list\'\n    at PromisePool.query (C:\\AriStage\\server\\node_modules\\mysql2\\lib\\promise\\pool.js:36:22)\n    at Object.listUsers (C:\\AriStage\\server\\src\\src\\modules\\adminUsers\\adminUsers.repository.ts:40:29)\n    at <anonymous> (C:\\AriStage\\server\\src\\src\\modules\\adminUsers\\adminUsers.controller.ts:134:45)\n    at <anonymous> (C:\\AriStage\\server\\src\\src\\core\\asyncHandler.ts:11:21)\n    at Layer.handle [as handle_request] (C:\\AriStage\\server\\node_modules\\express\\lib\\router\\layer.js:95:5)\n    at next (C:\\AriStage\\server\\node_modules\\express\\lib\\router\\route.js:149:13)\n    at Route.dispatch (C:\\AriStage\\server\\node_modules\\express\\lib\\router\\route.js:119:3)\n    at Layer.handle [as handle_request] (C:\\AriStage\\server\\node_modules\\express\\lib\\router\\layer.js:95:5)\n    at C:\\AriStage\\server\\node_modules\\express\\lib\\router\\index.js:284:15\n    at router.process_params (C:\\AriStage\\server\\node_modules\\express\\lib\\router\\index.js:346:12)',0,'2026-01-07 12:25:49'),(5,'Unknown column \'is_active\' in \'field list\'','GET /api/admin/users','23 shiraz00012000@gmail.com',500,'Error: Unknown column \'is_active\' in \'field list\'\n    at PromisePool.query (C:\\AriStage\\server\\node_modules\\mysql2\\lib\\promise\\pool.js:36:22)\n    at Object.listUsers (C:\\AriStage\\server\\src\\src\\modules\\adminUsers\\adminUsers.repository.ts:40:29)\n    at <anonymous> (C:\\AriStage\\server\\src\\src\\modules\\adminUsers\\adminUsers.controller.ts:134:45)\n    at <anonymous> (C:\\AriStage\\server\\src\\src\\core\\asyncHandler.ts:11:21)\n    at Layer.handle [as handle_request] (C:\\AriStage\\server\\node_modules\\express\\lib\\router\\layer.js:95:5)\n    at next (C:\\AriStage\\server\\node_modules\\express\\lib\\router\\route.js:149:13)\n    at Route.dispatch (C:\\AriStage\\server\\node_modules\\express\\lib\\router\\route.js:119:3)\n    at Layer.handle [as handle_request] (C:\\AriStage\\server\\node_modules\\express\\lib\\router\\layer.js:95:5)\n    at C:\\AriStage\\server\\node_modules\\express\\lib\\router\\index.js:284:15\n    at router.process_params (C:\\AriStage\\server\\node_modules\\express\\lib\\router\\index.js:346:12)',0,'2026-01-07 12:25:51'),(6,'Unknown column \'is_active\' in \'field list\'','GET /api/admin/users','23 shiraz00012000@gmail.com',500,'Error: Unknown column \'is_active\' in \'field list\'\n    at PromisePool.query (C:\\AriStage\\server\\node_modules\\mysql2\\lib\\promise\\pool.js:36:22)\n    at Object.listUsers (C:\\AriStage\\server\\src\\src\\modules\\adminUsers\\adminUsers.repository.ts:40:29)\n    at <anonymous> (C:\\AriStage\\server\\src\\src\\modules\\adminUsers\\adminUsers.controller.ts:134:45)\n    at <anonymous> (C:\\AriStage\\server\\src\\src\\core\\asyncHandler.ts:11:21)\n    at Layer.handle [as handle_request] (C:\\AriStage\\server\\node_modules\\express\\lib\\router\\layer.js:95:5)\n    at next (C:\\AriStage\\server\\node_modules\\express\\lib\\router\\route.js:149:13)\n    at Route.dispatch (C:\\AriStage\\server\\node_modules\\express\\lib\\router\\route.js:119:3)\n    at Layer.handle [as handle_request] (C:\\AriStage\\server\\node_modules\\express\\lib\\router\\layer.js:95:5)\n    at C:\\AriStage\\server\\node_modules\\express\\lib\\router\\index.js:284:15\n    at router.process_params (C:\\AriStage\\server\\node_modules\\express\\lib\\router\\index.js:346:12)',0,'2026-01-07 12:25:52'),(7,'Unknown column \'is_active\' in \'field list\'','GET /api/admin/users','23 shiraz00012000@gmail.com',500,'Error: Unknown column \'is_active\' in \'field list\'\n    at PromisePool.query (C:\\AriStage\\server\\node_modules\\mysql2\\lib\\promise\\pool.js:36:22)\n    at Object.listUsers (C:\\AriStage\\server\\src\\src\\modules\\adminUsers\\adminUsers.repository.ts:40:29)\n    at <anonymous> (C:\\AriStage\\server\\src\\src\\modules\\adminUsers\\adminUsers.controller.ts:134:45)\n    at <anonymous> (C:\\AriStage\\server\\src\\src\\core\\asyncHandler.ts:11:21)\n    at Layer.handle [as handle_request] (C:\\AriStage\\server\\node_modules\\express\\lib\\router\\layer.js:95:5)\n    at next (C:\\AriStage\\server\\node_modules\\express\\lib\\router\\route.js:149:13)\n    at Route.dispatch (C:\\AriStage\\server\\node_modules\\express\\lib\\router\\route.js:119:3)\n    at Layer.handle [as handle_request] (C:\\AriStage\\server\\node_modules\\express\\lib\\router\\layer.js:95:5)\n    at C:\\AriStage\\server\\node_modules\\express\\lib\\router\\index.js:284:15\n    at router.process_params (C:\\AriStage\\server\\node_modules\\express\\lib\\router\\index.js:346:12)',0,'2026-01-07 12:25:53'),(8,'Unknown column \'is_active\' in \'field list\'','GET /api/admin/users','23 shiraz00012000@gmail.com',500,'Error: Unknown column \'is_active\' in \'field list\'\n    at PromisePool.query (C:\\AriStage\\server\\node_modules\\mysql2\\lib\\promise\\pool.js:36:22)\n    at Object.listUsers (C:\\AriStage\\server\\src\\src\\modules\\adminUsers\\adminUsers.repository.ts:40:29)\n    at <anonymous> (C:\\AriStage\\server\\src\\src\\modules\\adminUsers\\adminUsers.controller.ts:134:45)\n    at <anonymous> (C:\\AriStage\\server\\src\\src\\core\\asyncHandler.ts:11:21)\n    at Layer.handle [as handle_request] (C:\\AriStage\\server\\node_modules\\express\\lib\\router\\layer.js:95:5)\n    at next (C:\\AriStage\\server\\node_modules\\express\\lib\\router\\route.js:149:13)\n    at Route.dispatch (C:\\AriStage\\server\\node_modules\\express\\lib\\router\\route.js:119:3)\n    at Layer.handle [as handle_request] (C:\\AriStage\\server\\node_modules\\express\\lib\\router\\layer.js:95:5)\n    at C:\\AriStage\\server\\node_modules\\express\\lib\\router\\index.js:284:15\n    at router.process_params (C:\\AriStage\\server\\node_modules\\express\\lib\\router\\index.js:346:12)',0,'2026-01-07 12:26:20'),(9,'Unknown column \'is_active\' in \'field list\'','GET /api/admin/users','23 shiraz00012000@gmail.com',500,'Error: Unknown column \'is_active\' in \'field list\'\n    at PromisePool.query (C:\\AriStage\\server\\node_modules\\mysql2\\lib\\promise\\pool.js:36:22)\n    at Object.listUsers (C:\\AriStage\\server\\src\\src\\modules\\adminUsers\\adminUsers.repository.ts:40:29)\n    at <anonymous> (C:\\AriStage\\server\\src\\src\\modules\\adminUsers\\adminUsers.controller.ts:134:45)\n    at <anonymous> (C:\\AriStage\\server\\src\\src\\core\\asyncHandler.ts:11:21)\n    at Layer.handle [as handle_request] (C:\\AriStage\\server\\node_modules\\express\\lib\\router\\layer.js:95:5)\n    at next (C:\\AriStage\\server\\node_modules\\express\\lib\\router\\route.js:149:13)\n    at Route.dispatch (C:\\AriStage\\server\\node_modules\\express\\lib\\router\\route.js:119:3)\n    at Layer.handle [as handle_request] (C:\\AriStage\\server\\node_modules\\express\\lib\\router\\layer.js:95:5)\n    at C:\\AriStage\\server\\node_modules\\express\\lib\\router\\index.js:284:15\n    at router.process_params (C:\\AriStage\\server\\node_modules\\express\\lib\\router\\index.js:346:12)',0,'2026-01-07 12:26:20'),(10,'Unknown column \'is_active\' in \'field list\'','GET /api/admin/users','23 shiraz00012000@gmail.com',500,'Error: Unknown column \'is_active\' in \'field list\'\n    at PromisePool.query (C:\\AriStage\\server\\node_modules\\mysql2\\lib\\promise\\pool.js:36:22)\n    at Object.listUsers (C:\\AriStage\\server\\src\\src\\modules\\adminUsers\\adminUsers.repository.ts:40:29)\n    at <anonymous> (C:\\AriStage\\server\\src\\src\\modules\\adminUsers\\adminUsers.controller.ts:134:45)\n    at <anonymous> (C:\\AriStage\\server\\src\\src\\core\\asyncHandler.ts:11:21)\n    at Layer.handle [as handle_request] (C:\\AriStage\\server\\node_modules\\express\\lib\\router\\layer.js:95:5)\n    at next (C:\\AriStage\\server\\node_modules\\express\\lib\\router\\route.js:149:13)\n    at Route.dispatch (C:\\AriStage\\server\\node_modules\\express\\lib\\router\\route.js:119:3)\n    at Layer.handle [as handle_request] (C:\\AriStage\\server\\node_modules\\express\\lib\\router\\layer.js:95:5)\n    at C:\\AriStage\\server\\node_modules\\express\\lib\\router\\index.js:284:15\n    at router.process_params (C:\\AriStage\\server\\node_modules\\express\\lib\\router\\index.js:346:12)',0,'2026-01-07 12:26:25'),(11,'Unknown column \'is_active\' in \'field list\'','GET /api/admin/users','23 shiraz00012000@gmail.com',500,'Error: Unknown column \'is_active\' in \'field list\'\n    at PromisePool.query (C:\\AriStage\\server\\node_modules\\mysql2\\lib\\promise\\pool.js:36:22)\n    at Object.listUsers (C:\\AriStage\\server\\src\\src\\modules\\adminUsers\\adminUsers.repository.ts:40:29)\n    at <anonymous> (C:\\AriStage\\server\\src\\src\\modules\\adminUsers\\adminUsers.controller.ts:134:45)\n    at <anonymous> (C:\\AriStage\\server\\src\\src\\core\\asyncHandler.ts:11:21)\n    at Layer.handle [as handle_request] (C:\\AriStage\\server\\node_modules\\express\\lib\\router\\layer.js:95:5)\n    at next (C:\\AriStage\\server\\node_modules\\express\\lib\\router\\route.js:149:13)\n    at Route.dispatch (C:\\AriStage\\server\\node_modules\\express\\lib\\router\\route.js:119:3)\n    at Layer.handle [as handle_request] (C:\\AriStage\\server\\node_modules\\express\\lib\\router\\layer.js:95:5)\n    at C:\\AriStage\\server\\node_modules\\express\\lib\\router\\index.js:284:15\n    at router.process_params (C:\\AriStage\\server\\node_modules\\express\\lib\\router\\index.js:346:12)',0,'2026-01-07 12:26:25'),(12,'Unknown column \'is_active\' in \'field list\'','GET /api/admin/users','23 shiraz00012000@gmail.com',500,'Error: Unknown column \'is_active\' in \'field list\'\n    at PromisePool.query (C:\\AriStage\\server\\node_modules\\mysql2\\lib\\promise\\pool.js:36:22)\n    at Object.listUsers (C:\\AriStage\\server\\src\\src\\modules\\adminUsers\\adminUsers.repository.ts:40:29)\n    at <anonymous> (C:\\AriStage\\server\\src\\src\\modules\\adminUsers\\adminUsers.controller.ts:134:45)\n    at <anonymous> (C:\\AriStage\\server\\src\\src\\core\\asyncHandler.ts:11:21)\n    at Layer.handle [as handle_request] (C:\\AriStage\\server\\node_modules\\express\\lib\\router\\layer.js:95:5)\n    at next (C:\\AriStage\\server\\node_modules\\express\\lib\\router\\route.js:149:13)\n    at Route.dispatch (C:\\AriStage\\server\\node_modules\\express\\lib\\router\\route.js:119:3)\n    at Layer.handle [as handle_request] (C:\\AriStage\\server\\node_modules\\express\\lib\\router\\layer.js:95:5)\n    at C:\\AriStage\\server\\node_modules\\express\\lib\\router\\index.js:284:15\n    at router.process_params (C:\\AriStage\\server\\node_modules\\express\\lib\\router\\index.js:346:12)',0,'2026-01-07 12:26:25'),(13,'Unknown column \'is_active\' in \'field list\'','GET /api/admin/users','23 shiraz00012000@gmail.com',500,'Error: Unknown column \'is_active\' in \'field list\'\n    at PromisePool.query (C:\\AriStage\\server\\node_modules\\mysql2\\lib\\promise\\pool.js:36:22)\n    at Object.listUsers (C:\\AriStage\\server\\src\\src\\modules\\adminUsers\\adminUsers.repository.ts:40:29)\n    at <anonymous> (C:\\AriStage\\server\\src\\src\\modules\\adminUsers\\adminUsers.controller.ts:134:45)\n    at <anonymous> (C:\\AriStage\\server\\src\\src\\core\\asyncHandler.ts:11:21)\n    at Layer.handle [as handle_request] (C:\\AriStage\\server\\node_modules\\express\\lib\\router\\layer.js:95:5)\n    at next (C:\\AriStage\\server\\node_modules\\express\\lib\\router\\route.js:149:13)\n    at Route.dispatch (C:\\AriStage\\server\\node_modules\\express\\lib\\router\\route.js:119:3)\n    at Layer.handle [as handle_request] (C:\\AriStage\\server\\node_modules\\express\\lib\\router\\layer.js:95:5)\n    at C:\\AriStage\\server\\node_modules\\express\\lib\\router\\index.js:284:15\n    at router.process_params (C:\\AriStage\\server\\node_modules\\express\\lib\\router\\index.js:346:12)',0,'2026-01-07 12:26:25'),(14,'Unknown column \'is_active\' in \'field list\'','GET /api/admin/users','23 shiraz00012000@gmail.com',500,'Error: Unknown column \'is_active\' in \'field list\'\n    at PromisePool.query (C:\\AriStage\\server\\node_modules\\mysql2\\lib\\promise\\pool.js:36:22)\n    at Object.listUsers (C:\\AriStage\\server\\src\\src\\modules\\adminUsers\\adminUsers.repository.ts:40:29)\n    at <anonymous> (C:\\AriStage\\server\\src\\src\\modules\\adminUsers\\adminUsers.controller.ts:134:45)\n    at <anonymous> (C:\\AriStage\\server\\src\\src\\core\\asyncHandler.ts:11:21)\n    at Layer.handle [as handle_request] (C:\\AriStage\\server\\node_modules\\express\\lib\\router\\layer.js:95:5)\n    at next (C:\\AriStage\\server\\node_modules\\express\\lib\\router\\route.js:149:13)\n    at Route.dispatch (C:\\AriStage\\server\\node_modules\\express\\lib\\router\\route.js:119:3)\n    at Layer.handle [as handle_request] (C:\\AriStage\\server\\node_modules\\express\\lib\\router\\layer.js:95:5)\n    at C:\\AriStage\\server\\node_modules\\express\\lib\\router\\index.js:284:15\n    at router.process_params (C:\\AriStage\\server\\node_modules\\express\\lib\\router\\index.js:346:12)',0,'2026-01-07 12:27:34'),(15,'Unknown column \'is_active\' in \'field list\'','GET /api/admin/users','23 shiraz00012000@gmail.com',500,'Error: Unknown column \'is_active\' in \'field list\'\n    at PromisePool.query (C:\\AriStage\\server\\node_modules\\mysql2\\lib\\promise\\pool.js:36:22)\n    at Object.listUsers (C:\\AriStage\\server\\src\\src\\modules\\adminUsers\\adminUsers.repository.ts:40:29)\n    at <anonymous> (C:\\AriStage\\server\\src\\src\\modules\\adminUsers\\adminUsers.controller.ts:134:45)\n    at <anonymous> (C:\\AriStage\\server\\src\\src\\core\\asyncHandler.ts:11:21)\n    at Layer.handle [as handle_request] (C:\\AriStage\\server\\node_modules\\express\\lib\\router\\layer.js:95:5)\n    at next (C:\\AriStage\\server\\node_modules\\express\\lib\\router\\route.js:149:13)\n    at Route.dispatch (C:\\AriStage\\server\\node_modules\\express\\lib\\router\\route.js:119:3)\n    at Layer.handle [as handle_request] (C:\\AriStage\\server\\node_modules\\express\\lib\\router\\layer.js:95:5)\n    at C:\\AriStage\\server\\node_modules\\express\\lib\\router\\index.js:284:15\n    at router.process_params (C:\\AriStage\\server\\node_modules\\express\\lib\\router\\index.js:346:12)',0,'2026-01-07 12:27:34'),(16,'Unknown column \'is_active\' in \'field list\'','GET /api/admin/users','23 shiraz00012000@gmail.com',500,'Error: Unknown column \'is_active\' in \'field list\'\n    at PromisePool.query (C:\\AriStage\\server\\node_modules\\mysql2\\lib\\promise\\pool.js:36:22)\n    at Object.listUsers (C:\\AriStage\\server\\src\\src\\modules\\adminUsers\\adminUsers.repository.ts:40:29)\n    at <anonymous> (C:\\AriStage\\server\\src\\src\\modules\\adminUsers\\adminUsers.controller.ts:134:45)\n    at <anonymous> (C:\\AriStage\\server\\src\\src\\core\\asyncHandler.ts:11:21)\n    at Layer.handle [as handle_request] (C:\\AriStage\\server\\node_modules\\express\\lib\\router\\layer.js:95:5)\n    at next (C:\\AriStage\\server\\node_modules\\express\\lib\\router\\route.js:149:13)\n    at Route.dispatch (C:\\AriStage\\server\\node_modules\\express\\lib\\router\\route.js:119:3)\n    at Layer.handle [as handle_request] (C:\\AriStage\\server\\node_modules\\express\\lib\\router\\layer.js:95:5)\n    at C:\\AriStage\\server\\node_modules\\express\\lib\\router\\index.js:284:15\n    at router.process_params (C:\\AriStage\\server\\node_modules\\express\\lib\\router\\index.js:346:12)',0,'2026-01-07 12:27:43'),(17,'Unknown column \'is_active\' in \'field list\'','GET /api/admin/users','23 shiraz00012000@gmail.com',500,'Error: Unknown column \'is_active\' in \'field list\'\n    at PromisePool.query (C:\\AriStage\\server\\node_modules\\mysql2\\lib\\promise\\pool.js:36:22)\n    at Object.listUsers (C:\\AriStage\\server\\src\\src\\modules\\adminUsers\\adminUsers.repository.ts:40:29)\n    at <anonymous> (C:\\AriStage\\server\\src\\src\\modules\\adminUsers\\adminUsers.controller.ts:134:45)\n    at <anonymous> (C:\\AriStage\\server\\src\\src\\core\\asyncHandler.ts:11:21)\n    at Layer.handle [as handle_request] (C:\\AriStage\\server\\node_modules\\express\\lib\\router\\layer.js:95:5)\n    at next (C:\\AriStage\\server\\node_modules\\express\\lib\\router\\route.js:149:13)\n    at Route.dispatch (C:\\AriStage\\server\\node_modules\\express\\lib\\router\\route.js:119:3)\n    at Layer.handle [as handle_request] (C:\\AriStage\\server\\node_modules\\express\\lib\\router\\layer.js:95:5)\n    at C:\\AriStage\\server\\node_modules\\express\\lib\\router\\index.js:284:15\n    at router.process_params (C:\\AriStage\\server\\node_modules\\express\\lib\\router\\index.js:346:12)',0,'2026-01-07 12:27:43'),(18,'Unknown column \'is_active\' in \'field list\'','GET /api/admin/users','23 shiraz00012000@gmail.com',500,'Error: Unknown column \'is_active\' in \'field list\'\n    at PromisePool.query (C:\\AriStage\\server\\node_modules\\mysql2\\lib\\promise\\pool.js:36:22)\n    at Object.listUsers (C:\\AriStage\\server\\src\\src\\modules\\adminUsers\\adminUsers.repository.ts:40:29)\n    at <anonymous> (C:\\AriStage\\server\\src\\src\\modules\\adminUsers\\adminUsers.controller.ts:134:45)\n    at <anonymous> (C:\\AriStage\\server\\src\\src\\core\\asyncHandler.ts:11:21)\n    at Layer.handle [as handle_request] (C:\\AriStage\\server\\node_modules\\express\\lib\\router\\layer.js:95:5)\n    at next (C:\\AriStage\\server\\node_modules\\express\\lib\\router\\route.js:149:13)\n    at Route.dispatch (C:\\AriStage\\server\\node_modules\\express\\lib\\router\\route.js:119:3)\n    at Layer.handle [as handle_request] (C:\\AriStage\\server\\node_modules\\express\\lib\\router\\layer.js:95:5)\n    at C:\\AriStage\\server\\node_modules\\express\\lib\\router\\index.js:284:15\n    at router.process_params (C:\\AriStage\\server\\node_modules\\express\\lib\\router\\index.js:346:12)',0,'2026-01-07 12:27:43'),(19,'Unknown column \'is_active\' in \'field list\'','GET /api/admin/users','23 shiraz00012000@gmail.com',500,'Error: Unknown column \'is_active\' in \'field list\'\n    at PromisePool.query (C:\\AriStage\\server\\node_modules\\mysql2\\lib\\promise\\pool.js:36:22)\n    at Object.listUsers (C:\\AriStage\\server\\src\\src\\modules\\adminUsers\\adminUsers.repository.ts:40:29)\n    at <anonymous> (C:\\AriStage\\server\\src\\src\\modules\\adminUsers\\adminUsers.controller.ts:134:45)\n    at <anonymous> (C:\\AriStage\\server\\src\\src\\core\\asyncHandler.ts:11:21)\n    at Layer.handle [as handle_request] (C:\\AriStage\\server\\node_modules\\express\\lib\\router\\layer.js:95:5)\n    at next (C:\\AriStage\\server\\node_modules\\express\\lib\\router\\route.js:149:13)\n    at Route.dispatch (C:\\AriStage\\server\\node_modules\\express\\lib\\router\\route.js:119:3)\n    at Layer.handle [as handle_request] (C:\\AriStage\\server\\node_modules\\express\\lib\\router\\layer.js:95:5)\n    at C:\\AriStage\\server\\node_modules\\express\\lib\\router\\index.js:284:15\n    at router.process_params (C:\\AriStage\\server\\node_modules\\express\\lib\\router\\index.js:346:12)',0,'2026-01-07 12:27:43'),(20,'Unknown column \'is_active\' in \'field list\'','GET /api/admin/users','23 shiraz00012000@gmail.com',500,'Error: Unknown column \'is_active\' in \'field list\'\n    at PromisePool.query (C:\\AriStage\\server\\node_modules\\mysql2\\lib\\promise\\pool.js:36:22)\n    at Object.listUsers (C:\\AriStage\\server\\src\\src\\modules\\adminUsers\\adminUsers.repository.ts:40:29)\n    at <anonymous> (C:\\AriStage\\server\\src\\src\\modules\\adminUsers\\adminUsers.controller.ts:134:45)\n    at <anonymous> (C:\\AriStage\\server\\src\\src\\core\\asyncHandler.ts:11:21)\n    at Layer.handle [as handle_request] (C:\\AriStage\\server\\node_modules\\express\\lib\\router\\layer.js:95:5)\n    at next (C:\\AriStage\\server\\node_modules\\express\\lib\\router\\route.js:149:13)\n    at Route.dispatch (C:\\AriStage\\server\\node_modules\\express\\lib\\router\\route.js:119:3)\n    at Layer.handle [as handle_request] (C:\\AriStage\\server\\node_modules\\express\\lib\\router\\layer.js:95:5)\n    at C:\\AriStage\\server\\node_modules\\express\\lib\\router\\index.js:284:15\n    at router.process_params (C:\\AriStage\\server\\node_modules\\express\\lib\\router\\index.js:346:12)',0,'2026-01-07 12:27:45'),(21,'Unknown column \'is_active\' in \'field list\'','GET /api/admin/users','23 shiraz00012000@gmail.com',500,'Error: Unknown column \'is_active\' in \'field list\'\n    at PromisePool.query (C:\\AriStage\\server\\node_modules\\mysql2\\lib\\promise\\pool.js:36:22)\n    at Object.listUsers (C:\\AriStage\\server\\src\\src\\modules\\adminUsers\\adminUsers.repository.ts:40:29)\n    at <anonymous> (C:\\AriStage\\server\\src\\src\\modules\\adminUsers\\adminUsers.controller.ts:134:45)\n    at <anonymous> (C:\\AriStage\\server\\src\\src\\core\\asyncHandler.ts:11:21)\n    at Layer.handle [as handle_request] (C:\\AriStage\\server\\node_modules\\express\\lib\\router\\layer.js:95:5)\n    at next (C:\\AriStage\\server\\node_modules\\express\\lib\\router\\route.js:149:13)\n    at Route.dispatch (C:\\AriStage\\server\\node_modules\\express\\lib\\router\\route.js:119:3)\n    at Layer.handle [as handle_request] (C:\\AriStage\\server\\node_modules\\express\\lib\\router\\layer.js:95:5)\n    at C:\\AriStage\\server\\node_modules\\express\\lib\\router\\index.js:284:15\n    at router.process_params (C:\\AriStage\\server\\node_modules\\express\\lib\\router\\index.js:346:12)',0,'2026-01-07 12:27:46'),(22,'Unknown column \'is_active\' in \'field list\'','GET /api/admin/users','23 shiraz00012000@gmail.com',500,'Error: Unknown column \'is_active\' in \'field list\'\n    at PromisePool.query (C:\\AriStage\\server\\node_modules\\mysql2\\lib\\promise\\pool.js:36:22)\n    at Object.listUsers (C:\\AriStage\\server\\src\\src\\modules\\adminUsers\\adminUsers.repository.ts:40:29)\n    at <anonymous> (C:\\AriStage\\server\\src\\src\\modules\\adminUsers\\adminUsers.controller.ts:134:45)\n    at <anonymous> (C:\\AriStage\\server\\src\\src\\core\\asyncHandler.ts:11:21)\n    at Layer.handle [as handle_request] (C:\\AriStage\\server\\node_modules\\express\\lib\\router\\layer.js:95:5)\n    at next (C:\\AriStage\\server\\node_modules\\express\\lib\\router\\route.js:149:13)\n    at Route.dispatch (C:\\AriStage\\server\\node_modules\\express\\lib\\router\\route.js:119:3)\n    at Layer.handle [as handle_request] (C:\\AriStage\\server\\node_modules\\express\\lib\\router\\layer.js:95:5)\n    at C:\\AriStage\\server\\node_modules\\express\\lib\\router\\index.js:284:15\n    at router.process_params (C:\\AriStage\\server\\node_modules\\express\\lib\\router\\index.js:346:12)',0,'2026-01-07 12:27:46'),(23,'Unknown column \'is_active\' in \'field list\'','GET /api/admin/users','23 shiraz00012000@gmail.com',500,'Error: Unknown column \'is_active\' in \'field list\'\n    at PromisePool.query (C:\\AriStage\\server\\node_modules\\mysql2\\lib\\promise\\pool.js:36:22)\n    at Object.listUsers (C:\\AriStage\\server\\src\\src\\modules\\adminUsers\\adminUsers.repository.ts:40:29)\n    at <anonymous> (C:\\AriStage\\server\\src\\src\\modules\\adminUsers\\adminUsers.controller.ts:134:45)\n    at <anonymous> (C:\\AriStage\\server\\src\\src\\core\\asyncHandler.ts:11:21)\n    at Layer.handle [as handle_request] (C:\\AriStage\\server\\node_modules\\express\\lib\\router\\layer.js:95:5)\n    at next (C:\\AriStage\\server\\node_modules\\express\\lib\\router\\route.js:149:13)\n    at Route.dispatch (C:\\AriStage\\server\\node_modules\\express\\lib\\router\\route.js:119:3)\n    at Layer.handle [as handle_request] (C:\\AriStage\\server\\node_modules\\express\\lib\\router\\layer.js:95:5)\n    at C:\\AriStage\\server\\node_modules\\express\\lib\\router\\index.js:284:15\n    at router.process_params (C:\\AriStage\\server\\node_modules\\express\\lib\\router\\index.js:346:12)',0,'2026-01-07 12:27:47'),(24,'Unknown column \'is_active\' in \'field list\'','GET /api/admin/users','23 shiraz00012000@gmail.com',500,'Error: Unknown column \'is_active\' in \'field list\'\n    at PromisePool.query (C:\\AriStage\\server\\node_modules\\mysql2\\lib\\promise\\pool.js:36:22)\n    at Object.listUsers (C:\\AriStage\\server\\src\\src\\modules\\adminUsers\\adminUsers.repository.ts:40:29)\n    at <anonymous> (C:\\AriStage\\server\\src\\src\\modules\\adminUsers\\adminUsers.controller.ts:134:45)\n    at <anonymous> (C:\\AriStage\\server\\src\\src\\core\\asyncHandler.ts:11:21)\n    at Layer.handle [as handle_request] (C:\\AriStage\\server\\node_modules\\express\\lib\\router\\layer.js:95:5)\n    at next (C:\\AriStage\\server\\node_modules\\express\\lib\\router\\route.js:149:13)\n    at Route.dispatch (C:\\AriStage\\server\\node_modules\\express\\lib\\router\\route.js:119:3)\n    at Layer.handle [as handle_request] (C:\\AriStage\\server\\node_modules\\express\\lib\\router\\layer.js:95:5)\n    at C:\\AriStage\\server\\node_modules\\express\\lib\\router\\index.js:284:15\n    at router.process_params (C:\\AriStage\\server\\node_modules\\express\\lib\\router\\index.js:346:12)',0,'2026-01-07 12:28:37'),(25,'Unknown column \'is_active\' in \'field list\'','GET /api/admin/users','23 shiraz00012000@gmail.com',500,'Error: Unknown column \'is_active\' in \'field list\'\n    at PromisePool.query (C:\\AriStage\\server\\node_modules\\mysql2\\lib\\promise\\pool.js:36:22)\n    at Object.listUsers (C:\\AriStage\\server\\src\\src\\modules\\adminUsers\\adminUsers.repository.ts:40:29)\n    at <anonymous> (C:\\AriStage\\server\\src\\src\\modules\\adminUsers\\adminUsers.controller.ts:134:45)\n    at <anonymous> (C:\\AriStage\\server\\src\\src\\core\\asyncHandler.ts:11:21)\n    at Layer.handle [as handle_request] (C:\\AriStage\\server\\node_modules\\express\\lib\\router\\layer.js:95:5)\n    at next (C:\\AriStage\\server\\node_modules\\express\\lib\\router\\route.js:149:13)\n    at Route.dispatch (C:\\AriStage\\server\\node_modules\\express\\lib\\router\\route.js:119:3)\n    at Layer.handle [as handle_request] (C:\\AriStage\\server\\node_modules\\express\\lib\\router\\layer.js:95:5)\n    at C:\\AriStage\\server\\node_modules\\express\\lib\\router\\index.js:284:15\n    at router.process_params (C:\\AriStage\\server\\node_modules\\express\\lib\\router\\index.js:346:12)',0,'2026-01-07 12:28:37'),(26,'Unknown column \'is_active\' in \'field list\'','GET /api/admin/users','23 shiraz00012000@gmail.com',500,'Error: Unknown column \'is_active\' in \'field list\'\n    at PromisePool.query (C:\\AriStage\\server\\node_modules\\mysql2\\lib\\promise\\pool.js:36:22)\n    at Object.listUsers (C:\\AriStage\\server\\src\\src\\modules\\adminUsers\\adminUsers.repository.ts:40:29)\n    at <anonymous> (C:\\AriStage\\server\\src\\src\\modules\\adminUsers\\adminUsers.controller.ts:134:45)\n    at <anonymous> (C:\\AriStage\\server\\src\\src\\core\\asyncHandler.ts:11:21)\n    at Layer.handle [as handle_request] (C:\\AriStage\\server\\node_modules\\express\\lib\\router\\layer.js:95:5)\n    at next (C:\\AriStage\\server\\node_modules\\express\\lib\\router\\route.js:149:13)\n    at Route.dispatch (C:\\AriStage\\server\\node_modules\\express\\lib\\router\\route.js:119:3)\n    at Layer.handle [as handle_request] (C:\\AriStage\\server\\node_modules\\express\\lib\\router\\layer.js:95:5)\n    at C:\\AriStage\\server\\node_modules\\express\\lib\\router\\index.js:284:15\n    at router.process_params (C:\\AriStage\\server\\node_modules\\express\\lib\\router\\index.js:346:12)',0,'2026-01-07 12:28:37'),(27,'Unknown column \'is_active\' in \'field list\'','GET /api/admin/users','23 shiraz00012000@gmail.com',500,'Error: Unknown column \'is_active\' in \'field list\'\n    at PromisePool.query (C:\\AriStage\\server\\node_modules\\mysql2\\lib\\promise\\pool.js:36:22)\n    at Object.listUsers (C:\\AriStage\\server\\src\\src\\modules\\adminUsers\\adminUsers.repository.ts:40:29)\n    at <anonymous> (C:\\AriStage\\server\\src\\src\\modules\\adminUsers\\adminUsers.controller.ts:134:45)\n    at <anonymous> (C:\\AriStage\\server\\src\\src\\core\\asyncHandler.ts:11:21)\n    at Layer.handle [as handle_request] (C:\\AriStage\\server\\node_modules\\express\\lib\\router\\layer.js:95:5)\n    at next (C:\\AriStage\\server\\node_modules\\express\\lib\\router\\route.js:149:13)\n    at Route.dispatch (C:\\AriStage\\server\\node_modules\\express\\lib\\router\\route.js:119:3)\n    at Layer.handle [as handle_request] (C:\\AriStage\\server\\node_modules\\express\\lib\\router\\layer.js:95:5)\n    at C:\\AriStage\\server\\node_modules\\express\\lib\\router\\index.js:284:15\n    at router.process_params (C:\\AriStage\\server\\node_modules\\express\\lib\\router\\index.js:346:12)',0,'2026-01-07 12:28:37'),(28,'Unknown column \'is_active\' in \'field list\'','GET /api/admin/users','23 shiraz00012000@gmail.com',500,'Error: Unknown column \'is_active\' in \'field list\'\n    at PromisePool.query (C:\\AriStage\\server\\node_modules\\mysql2\\lib\\promise\\pool.js:36:22)\n    at Object.listUsers (C:\\AriStage\\server\\src\\src\\modules\\adminUsers\\adminUsers.repository.ts:40:29)\n    at <anonymous> (C:\\AriStage\\server\\src\\src\\modules\\adminUsers\\adminUsers.controller.ts:134:45)\n    at <anonymous> (C:\\AriStage\\server\\src\\src\\core\\asyncHandler.ts:11:21)\n    at Layer.handle [as handle_request] (C:\\AriStage\\server\\node_modules\\express\\lib\\router\\layer.js:95:5)\n    at next (C:\\AriStage\\server\\node_modules\\express\\lib\\router\\route.js:149:13)\n    at Route.dispatch (C:\\AriStage\\server\\node_modules\\express\\lib\\router\\route.js:119:3)\n    at Layer.handle [as handle_request] (C:\\AriStage\\server\\node_modules\\express\\lib\\router\\layer.js:95:5)\n    at C:\\AriStage\\server\\node_modules\\express\\lib\\router\\index.js:284:15\n    at router.process_params (C:\\AriStage\\server\\node_modules\\express\\lib\\router\\index.js:346:12)',0,'2026-01-07 12:28:43'),(29,'Unknown column \'is_active\' in \'field list\'','GET /api/admin/users','23 shiraz00012000@gmail.com',500,'Error: Unknown column \'is_active\' in \'field list\'\n    at PromisePool.query (C:\\AriStage\\server\\node_modules\\mysql2\\lib\\promise\\pool.js:36:22)\n    at Object.listUsers (C:\\AriStage\\server\\src\\src\\modules\\adminUsers\\adminUsers.repository.ts:40:29)\n    at <anonymous> (C:\\AriStage\\server\\src\\src\\modules\\adminUsers\\adminUsers.controller.ts:134:45)\n    at <anonymous> (C:\\AriStage\\server\\src\\src\\core\\asyncHandler.ts:11:21)\n    at Layer.handle [as handle_request] (C:\\AriStage\\server\\node_modules\\express\\lib\\router\\layer.js:95:5)\n    at next (C:\\AriStage\\server\\node_modules\\express\\lib\\router\\route.js:149:13)\n    at Route.dispatch (C:\\AriStage\\server\\node_modules\\express\\lib\\router\\route.js:119:3)\n    at Layer.handle [as handle_request] (C:\\AriStage\\server\\node_modules\\express\\lib\\router\\layer.js:95:5)\n    at C:\\AriStage\\server\\node_modules\\express\\lib\\router\\index.js:284:15\n    at router.process_params (C:\\AriStage\\server\\node_modules\\express\\lib\\router\\index.js:346:12)',0,'2026-01-07 12:28:43'),(30,'Unknown column \'is_active\' in \'field list\'','GET /api/admin/users','23 shiraz00012000@gmail.com',500,'Error: Unknown column \'is_active\' in \'field list\'\n    at PromisePool.query (C:\\AriStage\\server\\node_modules\\mysql2\\lib\\promise\\pool.js:36:22)\n    at Object.listUsers (C:\\AriStage\\server\\src\\src\\modules\\adminUsers\\adminUsers.repository.ts:40:29)\n    at <anonymous> (C:\\AriStage\\server\\src\\src\\modules\\adminUsers\\adminUsers.controller.ts:134:45)\n    at <anonymous> (C:\\AriStage\\server\\src\\src\\core\\asyncHandler.ts:11:21)\n    at Layer.handle [as handle_request] (C:\\AriStage\\server\\node_modules\\express\\lib\\router\\layer.js:95:5)\n    at next (C:\\AriStage\\server\\node_modules\\express\\lib\\router\\route.js:149:13)\n    at Route.dispatch (C:\\AriStage\\server\\node_modules\\express\\lib\\router\\route.js:119:3)\n    at Layer.handle [as handle_request] (C:\\AriStage\\server\\node_modules\\express\\lib\\router\\layer.js:95:5)\n    at C:\\AriStage\\server\\node_modules\\express\\lib\\router\\index.js:284:15\n    at router.process_params (C:\\AriStage\\server\\node_modules\\express\\lib\\router\\index.js:346:12)',0,'2026-01-07 12:28:43'),(31,'Unknown column \'is_active\' in \'field list\'','GET /api/admin/users','23 shiraz00012000@gmail.com',500,'Error: Unknown column \'is_active\' in \'field list\'\n    at PromisePool.query (C:\\AriStage\\server\\node_modules\\mysql2\\lib\\promise\\pool.js:36:22)\n    at Object.listUsers (C:\\AriStage\\server\\src\\src\\modules\\adminUsers\\adminUsers.repository.ts:40:29)\n    at <anonymous> (C:\\AriStage\\server\\src\\src\\modules\\adminUsers\\adminUsers.controller.ts:134:45)\n    at <anonymous> (C:\\AriStage\\server\\src\\src\\core\\asyncHandler.ts:11:21)\n    at Layer.handle [as handle_request] (C:\\AriStage\\server\\node_modules\\express\\lib\\router\\layer.js:95:5)\n    at next (C:\\AriStage\\server\\node_modules\\express\\lib\\router\\route.js:149:13)\n    at Route.dispatch (C:\\AriStage\\server\\node_modules\\express\\lib\\router\\route.js:119:3)\n    at Layer.handle [as handle_request] (C:\\AriStage\\server\\node_modules\\express\\lib\\router\\layer.js:95:5)\n    at C:\\AriStage\\server\\node_modules\\express\\lib\\router\\index.js:284:15\n    at router.process_params (C:\\AriStage\\server\\node_modules\\express\\lib\\router\\index.js:346:12)',0,'2026-01-07 12:28:43'),(32,'Unknown column \'is_active\' in \'field list\'','GET /api/admin/users','23 shiraz00012000@gmail.com',500,'Error: Unknown column \'is_active\' in \'field list\'\n    at PromisePool.query (C:\\AriStage\\server\\node_modules\\mysql2\\lib\\promise\\pool.js:36:22)\n    at Object.listUsers (C:\\AriStage\\server\\src\\src\\modules\\adminUsers\\adminUsers.repository.ts:40:29)\n    at <anonymous> (C:\\AriStage\\server\\src\\src\\modules\\adminUsers\\adminUsers.controller.ts:134:45)\n    at <anonymous> (C:\\AriStage\\server\\src\\src\\core\\asyncHandler.ts:11:21)\n    at Layer.handle [as handle_request] (C:\\AriStage\\server\\node_modules\\express\\lib\\router\\layer.js:95:5)\n    at next (C:\\AriStage\\server\\node_modules\\express\\lib\\router\\route.js:149:13)\n    at Route.dispatch (C:\\AriStage\\server\\node_modules\\express\\lib\\router\\route.js:119:3)\n    at Layer.handle [as handle_request] (C:\\AriStage\\server\\node_modules\\express\\lib\\router\\layer.js:95:5)\n    at C:\\AriStage\\server\\node_modules\\express\\lib\\router\\index.js:284:15\n    at router.process_params (C:\\AriStage\\server\\node_modules\\express\\lib\\router\\index.js:346:12)',0,'2026-01-07 12:28:47'),(33,'Unknown column \'is_active\' in \'field list\'','GET /api/admin/users','23 shiraz00012000@gmail.com',500,'Error: Unknown column \'is_active\' in \'field list\'\n    at PromisePool.query (C:\\AriStage\\server\\node_modules\\mysql2\\lib\\promise\\pool.js:36:22)\n    at Object.listUsers (C:\\AriStage\\server\\src\\src\\modules\\adminUsers\\adminUsers.repository.ts:40:29)\n    at <anonymous> (C:\\AriStage\\server\\src\\src\\modules\\adminUsers\\adminUsers.controller.ts:134:45)\n    at <anonymous> (C:\\AriStage\\server\\src\\src\\core\\asyncHandler.ts:11:21)\n    at Layer.handle [as handle_request] (C:\\AriStage\\server\\node_modules\\express\\lib\\router\\layer.js:95:5)\n    at next (C:\\AriStage\\server\\node_modules\\express\\lib\\router\\route.js:149:13)\n    at Route.dispatch (C:\\AriStage\\server\\node_modules\\express\\lib\\router\\route.js:119:3)\n    at Layer.handle [as handle_request] (C:\\AriStage\\server\\node_modules\\express\\lib\\router\\layer.js:95:5)\n    at C:\\AriStage\\server\\node_modules\\express\\lib\\router\\index.js:284:15\n    at router.process_params (C:\\AriStage\\server\\node_modules\\express\\lib\\router\\index.js:346:12)',0,'2026-01-07 12:28:47'),(34,'Unknown column \'is_active\' in \'field list\'','GET /api/admin/users','23 shiraz00012000@gmail.com',500,'Error: Unknown column \'is_active\' in \'field list\'\n    at PromisePool.query (C:\\AriStage\\server\\node_modules\\mysql2\\lib\\promise\\pool.js:36:22)\n    at Object.listUsers (C:\\AriStage\\server\\src\\src\\modules\\adminUsers\\adminUsers.repository.ts:40:29)\n    at <anonymous> (C:\\AriStage\\server\\src\\src\\modules\\adminUsers\\adminUsers.controller.ts:134:45)\n    at <anonymous> (C:\\AriStage\\server\\src\\src\\core\\asyncHandler.ts:11:21)\n    at Layer.handle [as handle_request] (C:\\AriStage\\server\\node_modules\\express\\lib\\router\\layer.js:95:5)\n    at next (C:\\AriStage\\server\\node_modules\\express\\lib\\router\\route.js:149:13)\n    at Route.dispatch (C:\\AriStage\\server\\node_modules\\express\\lib\\router\\route.js:119:3)\n    at Layer.handle [as handle_request] (C:\\AriStage\\server\\node_modules\\express\\lib\\router\\layer.js:95:5)\n    at C:\\AriStage\\server\\node_modules\\express\\lib\\router\\index.js:284:15\n    at router.process_params (C:\\AriStage\\server\\node_modules\\express\\lib\\router\\index.js:346:12)',0,'2026-01-07 12:28:51'),(35,'Unknown column \'is_active\' in \'field list\'','GET /api/admin/users','23 shiraz00012000@gmail.com',500,'Error: Unknown column \'is_active\' in \'field list\'\n    at PromisePool.query (C:\\AriStage\\server\\node_modules\\mysql2\\lib\\promise\\pool.js:36:22)\n    at Object.listUsers (C:\\AriStage\\server\\src\\src\\modules\\adminUsers\\adminUsers.repository.ts:40:29)\n    at <anonymous> (C:\\AriStage\\server\\src\\src\\modules\\adminUsers\\adminUsers.controller.ts:134:45)\n    at <anonymous> (C:\\AriStage\\server\\src\\src\\core\\asyncHandler.ts:11:21)\n    at Layer.handle [as handle_request] (C:\\AriStage\\server\\node_modules\\express\\lib\\router\\layer.js:95:5)\n    at next (C:\\AriStage\\server\\node_modules\\express\\lib\\router\\route.js:149:13)\n    at Route.dispatch (C:\\AriStage\\server\\node_modules\\express\\lib\\router\\route.js:119:3)\n    at Layer.handle [as handle_request] (C:\\AriStage\\server\\node_modules\\express\\lib\\router\\layer.js:95:5)\n    at C:\\AriStage\\server\\node_modules\\express\\lib\\router\\index.js:284:15\n    at router.process_params (C:\\AriStage\\server\\node_modules\\express\\lib\\router\\index.js:346:12)',0,'2026-01-07 12:28:51'),(36,'Unknown column \'is_active\' in \'field list\'','GET /api/admin/users','23 shiraz00012000@gmail.com',500,'Error: Unknown column \'is_active\' in \'field list\'\n    at PromisePool.query (C:\\AriStage\\server\\node_modules\\mysql2\\lib\\promise\\pool.js:36:22)\n    at Object.listUsers (C:\\AriStage\\server\\src\\src\\modules\\adminUsers\\adminUsers.repository.ts:40:29)\n    at <anonymous> (C:\\AriStage\\server\\src\\src\\modules\\adminUsers\\adminUsers.controller.ts:134:45)\n    at <anonymous> (C:\\AriStage\\server\\src\\src\\core\\asyncHandler.ts:11:21)\n    at Layer.handle [as handle_request] (C:\\AriStage\\server\\node_modules\\express\\lib\\router\\layer.js:95:5)\n    at next (C:\\AriStage\\server\\node_modules\\express\\lib\\router\\route.js:149:13)\n    at Route.dispatch (C:\\AriStage\\server\\node_modules\\express\\lib\\router\\route.js:119:3)\n    at Layer.handle [as handle_request] (C:\\AriStage\\server\\node_modules\\express\\lib\\router\\layer.js:95:5)\n    at C:\\AriStage\\server\\node_modules\\express\\lib\\router\\index.js:284:15\n    at router.process_params (C:\\AriStage\\server\\node_modules\\express\\lib\\router\\index.js:346:12)',0,'2026-01-07 12:28:53'),(37,'Unknown column \'is_active\' in \'field list\'','GET /api/admin/users','23 shiraz00012000@gmail.com',500,'Error: Unknown column \'is_active\' in \'field list\'\n    at PromisePool.query (C:\\AriStage\\server\\node_modules\\mysql2\\lib\\promise\\pool.js:36:22)\n    at Object.listUsers (C:\\AriStage\\server\\src\\src\\modules\\adminUsers\\adminUsers.repository.ts:40:29)\n    at <anonymous> (C:\\AriStage\\server\\src\\src\\modules\\adminUsers\\adminUsers.controller.ts:134:45)\n    at <anonymous> (C:\\AriStage\\server\\src\\src\\core\\asyncHandler.ts:11:21)\n    at Layer.handle [as handle_request] (C:\\AriStage\\server\\node_modules\\express\\lib\\router\\layer.js:95:5)\n    at next (C:\\AriStage\\server\\node_modules\\express\\lib\\router\\route.js:149:13)\n    at Route.dispatch (C:\\AriStage\\server\\node_modules\\express\\lib\\router\\route.js:119:3)\n    at Layer.handle [as handle_request] (C:\\AriStage\\server\\node_modules\\express\\lib\\router\\layer.js:95:5)\n    at C:\\AriStage\\server\\node_modules\\express\\lib\\router\\index.js:284:15\n    at router.process_params (C:\\AriStage\\server\\node_modules\\express\\lib\\router\\index.js:346:12)',0,'2026-01-07 12:28:54'),(38,'Unknown column \'is_active\' in \'field list\'','GET /api/admin/users','23 shiraz00012000@gmail.com',500,'Error: Unknown column \'is_active\' in \'field list\'\n    at PromisePool.query (C:\\AriStage\\server\\node_modules\\mysql2\\lib\\promise\\pool.js:36:22)\n    at Object.listUsers (C:\\AriStage\\server\\src\\src\\modules\\adminUsers\\adminUsers.repository.ts:40:29)\n    at <anonymous> (C:\\AriStage\\server\\src\\src\\modules\\adminUsers\\adminUsers.controller.ts:134:45)\n    at <anonymous> (C:\\AriStage\\server\\src\\src\\core\\asyncHandler.ts:11:21)\n    at Layer.handle [as handle_request] (C:\\AriStage\\server\\node_modules\\express\\lib\\router\\layer.js:95:5)\n    at next (C:\\AriStage\\server\\node_modules\\express\\lib\\router\\route.js:149:13)\n    at Route.dispatch (C:\\AriStage\\server\\node_modules\\express\\lib\\router\\route.js:119:3)\n    at Layer.handle [as handle_request] (C:\\AriStage\\server\\node_modules\\express\\lib\\router\\layer.js:95:5)\n    at C:\\AriStage\\server\\node_modules\\express\\lib\\router\\index.js:284:15\n    at router.process_params (C:\\AriStage\\server\\node_modules\\express\\lib\\router\\index.js:346:12)',0,'2026-01-07 12:28:54'),(39,'Unknown column \'is_active\' in \'field list\'','GET /api/admin/users','23 shiraz00012000@gmail.com',500,'Error: Unknown column \'is_active\' in \'field list\'\n    at PromisePool.query (C:\\AriStage\\server\\node_modules\\mysql2\\lib\\promise\\pool.js:36:22)\n    at Object.listUsers (C:\\AriStage\\server\\src\\src\\modules\\adminUsers\\adminUsers.repository.ts:40:29)\n    at <anonymous> (C:\\AriStage\\server\\src\\src\\modules\\adminUsers\\adminUsers.controller.ts:134:45)\n    at <anonymous> (C:\\AriStage\\server\\src\\src\\core\\asyncHandler.ts:11:21)\n    at Layer.handle [as handle_request] (C:\\AriStage\\server\\node_modules\\express\\lib\\router\\layer.js:95:5)\n    at next (C:\\AriStage\\server\\node_modules\\express\\lib\\router\\route.js:149:13)\n    at Route.dispatch (C:\\AriStage\\server\\node_modules\\express\\lib\\router\\route.js:119:3)\n    at Layer.handle [as handle_request] (C:\\AriStage\\server\\node_modules\\express\\lib\\router\\layer.js:95:5)\n    at C:\\AriStage\\server\\node_modules\\express\\lib\\router\\index.js:284:15\n    at router.process_params (C:\\AriStage\\server\\node_modules\\express\\lib\\router\\index.js:346:12)',0,'2026-01-07 12:28:54'),(40,'Unknown column \'is_active\' in \'field list\'','GET /api/admin/users','23 shiraz00012000@gmail.com',500,'Error: Unknown column \'is_active\' in \'field list\'\n    at PromisePool.query (C:\\AriStage\\server\\node_modules\\mysql2\\lib\\promise\\pool.js:36:22)\n    at Object.listUsers (C:\\AriStage\\server\\src\\src\\modules\\adminUsers\\adminUsers.repository.ts:40:29)\n    at <anonymous> (C:\\AriStage\\server\\src\\src\\modules\\adminUsers\\adminUsers.controller.ts:134:45)\n    at <anonymous> (C:\\AriStage\\server\\src\\src\\core\\asyncHandler.ts:11:21)\n    at Layer.handle [as handle_request] (C:\\AriStage\\server\\node_modules\\express\\lib\\router\\layer.js:95:5)\n    at next (C:\\AriStage\\server\\node_modules\\express\\lib\\router\\route.js:149:13)\n    at Route.dispatch (C:\\AriStage\\server\\node_modules\\express\\lib\\router\\route.js:119:3)\n    at Layer.handle [as handle_request] (C:\\AriStage\\server\\node_modules\\express\\lib\\router\\layer.js:95:5)\n    at C:\\AriStage\\server\\node_modules\\express\\lib\\router\\index.js:284:15\n    at router.process_params (C:\\AriStage\\server\\node_modules\\express\\lib\\router\\index.js:346:12)',0,'2026-01-07 12:28:54'),(41,'Unknown column \'is_active\' in \'field list\'','GET /api/admin/users','23 shiraz00012000@gmail.com',500,'Error: Unknown column \'is_active\' in \'field list\'\n    at PromisePool.query (C:\\AriStage\\server\\node_modules\\mysql2\\lib\\promise\\pool.js:36:22)\n    at Object.listUsers (C:\\AriStage\\server\\src\\src\\modules\\adminUsers\\adminUsers.repository.ts:40:29)\n    at <anonymous> (C:\\AriStage\\server\\src\\src\\modules\\adminUsers\\adminUsers.controller.ts:134:45)\n    at <anonymous> (C:\\AriStage\\server\\src\\src\\core\\asyncHandler.ts:11:21)\n    at Layer.handle [as handle_request] (C:\\AriStage\\server\\node_modules\\express\\lib\\router\\layer.js:95:5)\n    at next (C:\\AriStage\\server\\node_modules\\express\\lib\\router\\route.js:149:13)\n    at Route.dispatch (C:\\AriStage\\server\\node_modules\\express\\lib\\router\\route.js:119:3)\n    at Layer.handle [as handle_request] (C:\\AriStage\\server\\node_modules\\express\\lib\\router\\layer.js:95:5)\n    at C:\\AriStage\\server\\node_modules\\express\\lib\\router\\index.js:284:15\n    at router.process_params (C:\\AriStage\\server\\node_modules\\express\\lib\\router\\index.js:346:12)',0,'2026-01-07 12:29:55'),(42,'Unknown column \'last_seen_at\' in \'field list\'','GET /api/admin/users','23 shiraz00012000@gmail.com',500,'Error: Unknown column \'last_seen_at\' in \'field list\'\n    at PromisePool.query (C:\\AriStage\\server\\node_modules\\mysql2\\lib\\promise\\pool.js:36:22)\n    at Object.listUsers (C:\\AriStage\\server\\src\\src\\modules\\adminUsers\\adminUsers.repository.ts:40:29)\n    at <anonymous> (C:\\AriStage\\server\\src\\src\\modules\\adminUsers\\adminUsers.controller.ts:134:45)\n    at <anonymous> (C:\\AriStage\\server\\src\\src\\core\\asyncHandler.ts:11:21)\n    at Layer.handle [as handle_request] (C:\\AriStage\\server\\node_modules\\express\\lib\\router\\layer.js:95:5)\n    at next (C:\\AriStage\\server\\node_modules\\express\\lib\\router\\route.js:149:13)\n    at Route.dispatch (C:\\AriStage\\server\\node_modules\\express\\lib\\router\\route.js:119:3)\n    at Layer.handle [as handle_request] (C:\\AriStage\\server\\node_modules\\express\\lib\\router\\layer.js:95:5)\n    at C:\\AriStage\\server\\node_modules\\express\\lib\\router\\index.js:284:15\n    at router.process_params (C:\\AriStage\\server\\node_modules\\express\\lib\\router\\index.js:346:12)',0,'2026-01-07 13:17:04'),(43,'Unknown column \'last_seen_at\' in \'field list\'','GET /api/admin/users','23 shiraz00012000@gmail.com',500,'Error: Unknown column \'last_seen_at\' in \'field list\'\n    at PromisePool.query (C:\\AriStage\\server\\node_modules\\mysql2\\lib\\promise\\pool.js:36:22)\n    at Object.listUsers (C:\\AriStage\\server\\src\\src\\modules\\adminUsers\\adminUsers.repository.ts:40:29)\n    at <anonymous> (C:\\AriStage\\server\\src\\src\\modules\\adminUsers\\adminUsers.controller.ts:134:45)\n    at <anonymous> (C:\\AriStage\\server\\src\\src\\core\\asyncHandler.ts:11:21)\n    at Layer.handle [as handle_request] (C:\\AriStage\\server\\node_modules\\express\\lib\\router\\layer.js:95:5)\n    at next (C:\\AriStage\\server\\node_modules\\express\\lib\\router\\route.js:149:13)\n    at Route.dispatch (C:\\AriStage\\server\\node_modules\\express\\lib\\router\\route.js:119:3)\n    at Layer.handle [as handle_request] (C:\\AriStage\\server\\node_modules\\express\\lib\\router\\layer.js:95:5)\n    at C:\\AriStage\\server\\node_modules\\express\\lib\\router\\index.js:284:15\n    at router.process_params (C:\\AriStage\\server\\node_modules\\express\\lib\\router\\index.js:346:12)',0,'2026-01-07 13:17:04'),(44,'Data truncated for column \'plan\' at row 1','POST /api/payments/create','21 sabonimoshe@gmail.com',500,'Error: Data truncated for column \'plan\' at row 1\n    at PromisePool.query (C:\\AriStage\\server\\node_modules\\mysql2\\lib\\promise\\pool.js:36:22)\n    at createMockPayment (C:\\AriStage\\server\\src\\src\\modules\\payments\\payments.repository.ts:50:31)\n    at process.processTicksAndRejections (node:internal/process/task_queues:103:5)\n    at async <anonymous> (C:\\AriStage\\server\\src\\src\\modules\\payments\\payments.routes.ts:44:21)',0,'2026-01-19 22:06:07'),(45,'Data truncated for column \'plan\' at row 1','POST /api/payments/create','21 sabonimoshe@gmail.com',500,'Error: Data truncated for column \'plan\' at row 1\n    at PromisePool.query (C:\\AriStage\\server\\node_modules\\mysql2\\lib\\promise\\pool.js:36:22)\n    at createMockPayment (C:\\AriStage\\server\\src\\src\\modules\\payments\\payments.repository.ts:50:31)\n    at process.processTicksAndRejections (node:internal/process/task_queues:103:5)\n    at async <anonymous> (C:\\AriStage\\server\\src\\src\\modules\\payments\\payments.routes.ts:44:21)',0,'2026-01-19 22:06:23'),(46,'Data truncated for column \'plan\' at row 1','POST /api/payments/create','21 sabonimoshe@gmail.com',500,'Error: Data truncated for column \'plan\' at row 1\n    at PromisePool.query (C:\\AriStage\\server\\node_modules\\mysql2\\lib\\promise\\pool.js:36:22)\n    at createMockPayment (C:\\AriStage\\server\\src\\src\\modules\\payments\\payments.repository.ts:50:31)\n    at process.processTicksAndRejections (node:internal/process/task_queues:103:5)\n    at async <anonymous> (C:\\AriStage\\server\\src\\src\\modules\\payments\\payments.routes.ts:44:21)',0,'2026-01-19 22:06:25'),(47,'Data truncated for column \'plan\' at row 1','POST /api/payments/create','21 sabonimoshe@gmail.com',500,'Error: Data truncated for column \'plan\' at row 1\n    at PromisePool.query (C:\\AriStage\\server\\node_modules\\mysql2\\lib\\promise\\pool.js:36:22)\n    at createMockPayment (C:\\AriStage\\server\\src\\src\\modules\\payments\\payments.repository.ts:50:31)\n    at process.processTicksAndRejections (node:internal/process/task_queues:103:5)\n    at async <anonymous> (C:\\AriStage\\server\\src\\src\\modules\\payments\\payments.routes.ts:44:21)',0,'2026-01-19 22:06:26'),(48,'Data truncated for column \'plan\' at row 1','POST /api/payments/create','21 sabonimoshe@gmail.com',500,'Error: Data truncated for column \'plan\' at row 1\n    at PromisePool.query (C:\\AriStage\\server\\node_modules\\mysql2\\lib\\promise\\pool.js:36:22)\n    at createMockPayment (C:\\AriStage\\server\\src\\src\\modules\\payments\\payments.repository.ts:50:31)\n    at process.processTicksAndRejections (node:internal/process/task_queues:103:5)\n    at async <anonymous> (C:\\AriStage\\server\\src\\src\\modules\\payments\\payments.routes.ts:44:21)',0,'2026-01-19 22:06:27'),(49,'Data truncated for column \'plan\' at row 1','POST /api/payments/create','21 sabonimoshe@gmail.com',500,'Error: Data truncated for column \'plan\' at row 1\n    at PromisePool.query (C:\\AriStage\\server\\node_modules\\mysql2\\lib\\promise\\pool.js:36:22)\n    at createMockPayment (C:\\AriStage\\server\\src\\src\\modules\\payments\\payments.repository.ts:50:31)\n    at process.processTicksAndRejections (node:internal/process/task_queues:103:5)\n    at async <anonymous> (C:\\AriStage\\server\\src\\src\\modules\\payments\\payments.routes.ts:44:21)',0,'2026-01-19 22:10:54'),(50,'Data truncated for column \'plan\' at row 1','POST /api/payments/create','21 sabonimoshe@gmail.com',500,'Error: Data truncated for column \'plan\' at row 1\n    at PromisePool.query (C:\\AriStage\\server\\node_modules\\mysql2\\lib\\promise\\pool.js:36:22)\n    at createMockPayment (C:\\AriStage\\server\\src\\src\\modules\\payments\\payments.repository.ts:50:31)\n    at process.processTicksAndRejections (node:internal/process/task_queues:103:5)\n    at async <anonymous> (C:\\AriStage\\server\\src\\src\\modules\\payments\\payments.routes.ts:44:21)',0,'2026-01-19 22:11:12'),(51,'Data truncated for column \'plan\' at row 1','POST /api/payments/create','21 sabonimoshe@gmail.com',500,'Error: Data truncated for column \'plan\' at row 1\n    at PromisePool.query (C:\\AriStage\\server\\node_modules\\mysql2\\lib\\promise\\pool.js:36:22)\n    at createMockPayment (C:\\AriStage\\server\\src\\src\\modules\\payments\\payments.repository.ts:50:31)\n    at process.processTicksAndRejections (node:internal/process/task_queues:103:5)\n    at async <anonymous> (C:\\AriStage\\server\\src\\src\\modules\\payments\\payments.routes.ts:44:21)',0,'2026-01-20 22:32:18'),(52,'Data truncated for column \'plan\' at row 1','POST /api/payments/create','21 sabonimoshe@gmail.com',500,'Error: Data truncated for column \'plan\' at row 1\n    at PromisePool.query (C:\\AriStage\\server\\node_modules\\mysql2\\lib\\promise\\pool.js:36:22)\n    at createMockPayment (C:\\AriStage\\server\\src\\src\\modules\\payments\\payments.repository.ts:50:31)\n    at process.processTicksAndRejections (node:internal/process/task_queues:103:5)\n    at async <anonymous> (C:\\AriStage\\server\\src\\src\\modules\\payments\\payments.routes.ts:44:21)',0,'2026-01-20 22:32:24'),(53,'Data truncated for column \'plan\' at row 1','POST /api/payments/create','21 sabonimoshe@gmail.com',500,'Error: Data truncated for column \'plan\' at row 1\n    at PromisePool.query (C:\\AriStage\\server\\node_modules\\mysql2\\lib\\promise\\pool.js:36:22)\n    at createMockPayment (C:\\AriStage\\server\\src\\src\\modules\\payments\\payments.repository.ts:50:31)\n    at process.processTicksAndRejections (node:internal/process/task_queues:103:5)\n    at async <anonymous> (C:\\AriStage\\server\\src\\src\\modules\\payments\\payments.routes.ts:44:21)',0,'2026-01-20 22:32:24'),(54,'Data truncated for column \'plan\' at row 1','POST /api/payments/create','21 sabonimoshe@gmail.com',500,'Error: Data truncated for column \'plan\' at row 1\n    at PromisePool.query (C:\\AriStage\\server\\node_modules\\mysql2\\lib\\promise\\pool.js:36:22)\n    at createMockPayment (C:\\AriStage\\server\\src\\src\\modules\\payments\\payments.repository.ts:50:31)\n    at process.processTicksAndRejections (node:internal/process/task_queues:103:5)\n    at async <anonymous> (C:\\AriStage\\server\\src\\src\\modules\\payments\\payments.routes.ts:44:21)',0,'2026-01-20 22:32:28');
/*!40000 ALTER TABLE `system_errors` ENABLE KEYS */;
UNLOCK TABLES;

--
-- Table structure for table `system_logs`
--

DROP TABLE IF EXISTS `system_logs`;
/*!40101 SET @saved_cs_client     = @@character_set_client */;
/*!50503 SET character_set_client = utf8mb4 */;
CREATE TABLE `system_logs` (
  `id` int NOT NULL AUTO_INCREMENT,
  `level` enum('info','warn','error') CHARACTER SET utf8mb4 COLLATE utf8mb4_unicode_ci NOT NULL DEFAULT 'info',
  `action` varchar(64) CHARACTER SET utf8mb4 COLLATE utf8mb4_unicode_ci NOT NULL,
  `message` text CHARACTER SET utf8mb4 COLLATE utf8mb4_unicode_ci,
  `context` json DEFAULT NULL,
  `userId` int DEFAULT NULL,
  `createdAt` datetime NOT NULL DEFAULT CURRENT_TIMESTAMP,
  PRIMARY KEY (`id`),
  KEY `idx_system_logs_createdAt` (`createdAt`),
  KEY `idx_system_logs_level_createdAt` (`level`,`createdAt`),
  KEY `idx_system_logs_userId_createdAt` (`userId`,`createdAt`),
  KEY `idx_system_logs_action_createdAt` (`action`,`createdAt`)
) ENGINE=InnoDB AUTO_INCREMENT=251 DEFAULT CHARSET=utf8mb4 COLLATE=utf8mb4_unicode_ci;
/*!40101 SET character_set_client = @saved_cs_client */;

--
-- Dumping data for table `system_logs`
--

LOCK TABLES `system_logs` WRITE;
/*!40000 ALTER TABLE `system_logs` DISABLE KEYS */;
INSERT INTO `system_logs` VALUES (1,'info','db_test','system_logs table is working',NULL,NULL,'2026-01-05 22:57:48'),(2,'info','shiraz','fix',NULL,NULL,'2026-01-05 23:05:24'),(3,'info','ADMIN_LOGIN','Admin login success','{\"email\": \"shiraz00012000@gmail.com\"}',23,'2026-01-05 23:17:32'),(4,'info','ADMIN_LOGIN','Admin login success','{\"email\": \"shiraz00012000@gmail.com\"}',23,'2026-01-06 21:51:37'),(5,'info','ADMIN_LOGIN','Admin login success','{\"email\": \"shiraz00012000@gmail.com\"}',23,'2026-01-06 21:57:04'),(6,'info','ADMIN_LOGIN','Admin login success','{\"email\": \"shiraz00012000@gmail.com\"}',23,'2026-01-06 23:22:11'),(7,'info','admin_set_plan_enabled','Admin toggled plan enabled','{\"planId\": 1, \"enabled\": false}',23,'2026-01-06 23:22:51'),(8,'info','admin_set_plan_enabled','Admin toggled plan enabled','{\"planId\": 1, \"enabled\": true}',23,'2026-01-06 23:22:53'),(9,'info','ADMIN_LOGIN','Admin login success','{\"email\": \"shiraz00012000@gmail.com\"}',23,'2026-01-06 23:24:07'),(10,'info','admin_create_plan','Admin created plan','{\"key\": \"vip\", \"planId\": 3}',23,'2026-01-06 23:25:28'),(11,'info','admin_update_subscription','Admin updated user subscription','{\"newStatus\": \"expired\", \"newExpiresAt\": \"2026-02-01T18:30:52.000Z\", \"targetUserId\": 22}',23,'2026-01-06 23:26:28'),(12,'info','ADMIN_LOGIN','Admin login success','{\"email\": \"shiraz00012000@gmail.com\"}',23,'2026-01-06 23:26:59'),(13,'info','ADMIN_LOGIN','Admin login success','{\"email\": \"shiraz00012000@gmail.com\"}',23,'2026-01-06 23:30:45'),(14,'info','ADMIN_LOGIN','Admin login success','{\"email\": \"shiraz00012000@gmail.com\"}',23,'2026-01-06 23:35:25'),(15,'info','ADMIN_LOGIN','Admin login success','{\"email\": \"shiraz00012000@gmail.com\"}',23,'2026-01-06 23:43:34'),(16,'info','ADMIN_LOGIN','Admin login success','{\"email\": \"shiraz00012000@gmail.com\"}',23,'2026-01-07 12:20:26'),(17,'info','ADMIN_LOGIN','Admin login success','{\"email\": \"shiraz00012000@gmail.com\"}',23,'2026-01-07 21:14:35'),(18,'info','admin_update_subscription','Admin updated user subscription','{\"newStatus\": \"expired\", \"newExpiresAt\": \"2026-02-01T19:24:27.000Z\", \"targetUserId\": 23}',23,'2026-01-07 21:18:18'),(19,'info','admin_update_subscription','Admin updated user subscription','{\"newStatus\": \"expired\", \"newExpiresAt\": null, \"targetUserId\": 23}',23,'2026-01-07 21:18:18'),(20,'info','admin_update_subscription','Admin updated user subscription','{\"newStatus\": \"expired\", \"newExpiresAt\": null, \"targetUserId\": 23}',23,'2026-01-07 21:18:25'),(21,'info','admin_update_subscription','Admin updated user subscription','{\"newStatus\": \"expired\", \"newExpiresAt\": null, \"targetUserId\": 23}',23,'2026-01-07 21:18:26'),(22,'info','admin_update_subscription','Admin updated user subscription','{\"newStatus\": \"expired\", \"newExpiresAt\": null, \"targetUserId\": 23}',23,'2026-01-07 21:18:32'),(23,'info','admin_update_subscription','Admin updated user subscription','{\"newStatus\": \"expired\", \"newExpiresAt\": null, \"targetUserId\": 23}',23,'2026-01-07 21:20:11'),(24,'info','admin_update_subscription','Admin updated user subscription','{\"newStatus\": \"expired\", \"newExpiresAt\": \"2026-02-05T19:26:55.000Z\", \"targetUserId\": 22}',23,'2026-01-07 21:29:40'),(25,'info','admin_update_subscription','Admin updated user subscription','{\"newStatus\": \"expired\", \"newExpiresAt\": \"2026-01-07T17:31:00.000Z\", \"targetUserId\": 23}',23,'2026-01-07 21:31:02'),(26,'info','admin_update_subscription','Admin updated user subscription','{\"newStatus\": \"expired\", \"newExpiresAt\": \"2026-01-07T15:31:00.000Z\", \"targetUserId\": 23}',23,'2026-01-07 21:31:07'),(27,'info','admin_update_subscription','Admin updated user subscription','{\"newStatus\": \"expired\", \"newExpiresAt\": \"2026-02-05T17:26:55.000Z\", \"targetUserId\": 22}',23,'2026-01-07 21:31:22'),(28,'info','admin_update_subscription','Admin updated user subscription','{\"newStatus\": \"expired\", \"newExpiresAt\": \"2026-01-07T13:31:00.000Z\", \"targetUserId\": 23}',23,'2026-01-07 21:31:31'),(29,'info','admin_update_subscription','Admin updated user subscription','{\"newStatus\": \"expired\", \"newExpiresAt\": \"2026-01-07T11:31:00.000Z\", \"targetUserId\": 23}',23,'2026-01-07 21:59:16'),(30,'info','admin_update_subscription','Admin updated user subscription','{\"newStatus\": \"expired\", \"newExpiresAt\": \"2026-01-07T09:31:00.000Z\", \"targetUserId\": 23}',23,'2026-01-07 21:59:20'),(31,'info','admin_update_subscription','Admin updated user subscription','{\"newStatus\": \"expired\", \"newExpiresAt\": \"2026-01-07T07:31:00.000Z\", \"targetUserId\": 23}',23,'2026-01-07 22:05:56'),(32,'info','admin_update_subscription','Admin updated user subscription','{\"newStatus\": \"expired\", \"newExpiresAt\": \"2026-01-07T05:31:00.000Z\", \"targetUserId\": 23}',23,'2026-01-07 22:06:00'),(33,'info','admin_update_subscription','Admin updated user subscription','{\"newStatus\": \"expired\", \"newExpiresAt\": \"2026-01-07T03:31:00.000Z\", \"targetUserId\": 23}',23,'2026-01-07 22:06:04'),(34,'info','admin_update_subscription','Admin updated user subscription','{\"newStatus\": \"expired\", \"newExpiresAt\": \"2026-01-07T01:31:00.000Z\", \"targetUserId\": 23}',23,'2026-01-07 22:06:33'),(35,'info','admin_update_subscription','Admin updated user subscription','{\"newStatus\": \"expired\", \"newExpiresAt\": \"2026-01-06T23:31:00.000Z\", \"targetUserId\": 23}',23,'2026-01-07 22:06:51'),(36,'info','admin_update_subscription','Admin updated user subscription','{\"newStatus\": \"expired\", \"newExpiresAt\": \"2026-01-06T21:31:00.000Z\", \"targetUserId\": 23}',23,'2026-01-07 22:13:32'),(37,'info','admin_update_subscription','Admin updated user subscription','{\"newStatus\": \"expired\", \"newExpiresAt\": \"2026-02-05T15:26:55.000Z\", \"targetUserId\": 22}',23,'2026-01-07 22:14:42'),(38,'info','admin_update_subscription','Admin updated user subscription','{\"newStatus\": \"trial\", \"newExpiresAt\": \"2026-02-05T13:26:55.000Z\", \"targetUserId\": 22}',23,'2026-01-07 22:14:50'),(39,'info','admin_update_subscription','Admin updated user subscription','{\"newStatus\": \"active\", \"newExpiresAt\": \"2026-02-05T11:26:55.000Z\", \"targetUserId\": 22}',23,'2026-01-07 22:15:01'),(40,'info','admin_update_subscription','Admin updated user subscription','{\"newStatus\": \"active\", \"newExpiresAt\": \"2026-02-05T09:26:55.000Z\", \"targetUserId\": 22}',23,'2026-01-07 22:15:05'),(41,'info','admin_update_subscription','Admin updated user subscription','{\"newStatus\": \"active\", \"newExpiresAt\": \"2026-06-01T03:26:00.000Z\", \"targetUserId\": 22}',23,'2026-01-07 22:15:25'),(42,'info','admin_update_subscription','Admin updated user subscription','{\"newStatus\": \"active\", \"newExpiresAt\": \"2026-06-01T00:26:00.000Z\", \"targetUserId\": 22}',23,'2026-01-07 22:15:31'),(43,'info','admin_update_subscription','Admin updated user subscription','{\"newStatus\": \"trial\", \"newExpiresAt\": \"2026-01-15T19:05:47.000Z\", \"targetUserId\": 20}',23,'2026-01-07 22:15:37'),(44,'info','admin_update_subscription','Admin updated user subscription','{\"newStatus\": \"trial\", \"newExpiresAt\": \"2026-01-15T17:05:47.000Z\", \"targetUserId\": 20}',23,'2026-01-07 22:17:04'),(45,'info','admin_update_subscription','Admin updated user subscription','{\"newStatus\": \"expired\", \"newExpiresAt\": \"2026-01-15T15:05:47.000Z\", \"targetUserId\": 20}',23,'2026-01-07 22:17:12'),(46,'info','admin_update_subscription','Admin updated user subscription','{\"newStatus\": \"active\", \"newExpiresAt\": \"2026-01-15T13:05:47.000Z\", \"targetUserId\": 20}',23,'2026-01-07 22:17:55'),(47,'info','admin_update_subscription','Admin updated user subscription','{\"newStatus\": \"trial\", \"newExpiresAt\": \"2026-01-15T11:05:47.000Z\", \"targetUserId\": 20}',23,'2026-01-07 22:18:08'),(48,'info','admin_update_subscription','Admin updated user subscription','{\"newStatus\": \"trial\", \"newExpiresAt\": \"2026-02-03T19:48:22.000Z\", \"targetUserId\": 21}',23,'2026-01-07 22:18:12'),(49,'info','admin_update_subscription','Admin updated user subscription','{\"newStatus\": \"trial\", \"newExpiresAt\": \"2026-02-03T17:48:22.000Z\", \"targetUserId\": 21}',23,'2026-01-07 22:18:22'),(50,'info','admin_update_subscription','Admin updated user subscription','{\"newStatus\": \"active\", \"newExpiresAt\": \"2026-05-31T21:26:00.000Z\", \"targetUserId\": 22}',23,'2026-01-07 22:19:06'),(51,'info','admin_update_subscription','Admin updated user subscription','{\"newStatus\": \"active\", \"newExpiresAt\": \"2026-05-31T18:26:00.000Z\", \"targetUserId\": 22}',23,'2026-01-07 22:19:15'),(52,'info','admin_update_subscription','Admin updated user subscription','{\"newStatus\": \"expired\", \"newExpiresAt\": \"2026-01-06T19:31:00.000Z\", \"targetUserId\": 23}',23,'2026-01-07 22:19:22'),(53,'info','admin_update_subscription','Admin updated user subscription','{\"newStatus\": \"expired\", \"newExpiresAt\": \"2026-01-06T17:31:00.000Z\", \"targetUserId\": 23}',23,'2026-01-07 22:20:08'),(54,'info','admin_create_plan','Admin created plan','{\"key\": \"dsd\", \"planId\": 4, \"enabled\": true}',23,'2026-01-07 22:54:00'),(55,'info','ADMIN_LOGIN','Admin login success','{\"email\": \"shiraz00012000@gmail.com\"}',23,'2026-01-07 22:54:29'),(56,'info','admin_update_subscription','Admin updated user subscription','{\"newStatus\": \"expired\", \"newExpiresAt\": \"2026-02-03T15:48:22.000Z\", \"targetUserId\": 21}',23,'2026-01-07 22:54:41'),(57,'info','ADMIN_LOGIN','Admin login success','{\"email\": \"shiraz00012000@gmail.com\"}',23,'2026-01-07 22:55:00'),(58,'info','admin_update_plan','Admin updated plan','{\"key\": \"pro\", \"planId\": 1, \"enabled\": true}',23,'2026-01-07 22:55:09'),(59,'info','admin_update_plan','Admin updated plan','{\"key\": \"pro\", \"planId\": 1, \"enabled\": true}',23,'2026-01-07 22:55:15'),(60,'info','ADMIN_LOGIN','Admin login success','{\"email\": \"shiraz00012000@gmail.com\"}',23,'2026-01-07 22:55:34'),(61,'info','admin_update_plan','Admin updated plan','{\"key\": \"pro\", \"planId\": 1, \"enabled\": false}',23,'2026-01-07 23:32:55'),(62,'info','admin_update_plan','Admin updated plan','{\"key\": \"pro\", \"planId\": 1, \"enabled\": true}',23,'2026-01-07 23:33:03'),(63,'info','ADMIN_LOGIN','Admin login success','{\"email\": \"shiraz00012000@gmail.com\"}',23,'2026-01-07 23:33:53'),(64,'info','admin_update_plan','Admin updated plan','{\"key\": \"pro\", \"planId\": 1, \"enabled\": true}',23,'2026-01-07 23:34:05'),(65,'info','ADMIN_LOGIN','Admin login success','{\"email\": \"shiraz00012000@gmail.com\"}',23,'2026-01-07 23:34:25'),(66,'info','ADMIN_LOGIN','Admin login success','{\"email\": \"shiraz00012000@gmail.com\"}',23,'2026-01-07 23:50:01'),(67,'info','ADMIN_LOGIN','Admin login success','{\"email\": \"shiraz00012000@gmail.com\"}',23,'2026-01-17 20:42:09'),(68,'info','admin_toggle_plan_enabled','Admin toggled plan enabled','{\"key\": \"pro\", \"planId\": 1, \"enabled\": false}',23,'2026-01-17 20:52:43'),(69,'info','admin_toggle_plan_enabled','Admin toggled plan enabled','{\"key\": \"pro\", \"planId\": 1, \"enabled\": true}',23,'2026-01-17 20:52:43'),(70,'info','admin_toggle_plan_enabled','Admin toggled plan enabled','{\"key\": \"pro\", \"planId\": 1, \"enabled\": false}',23,'2026-01-17 20:52:44'),(71,'info','admin_toggle_plan_enabled','Admin toggled plan enabled','{\"key\": \"pro\", \"planId\": 1, \"enabled\": true}',23,'2026-01-17 20:52:46'),(72,'info','admin_toggle_plan_enabled','Admin toggled plan enabled','{\"key\": \"pro\", \"planId\": 1, \"enabled\": false}',23,'2026-01-17 20:52:47'),(73,'info','admin_toggle_plan_enabled','Admin toggled plan enabled','{\"key\": \"trial\", \"planId\": 2, \"enabled\": false}',23,'2026-01-17 20:52:48'),(74,'info','admin_toggle_plan_enabled','Admin toggled plan enabled','{\"key\": \"vip\", \"planId\": 3, \"enabled\": false}',23,'2026-01-17 20:52:50'),(75,'info','admin_toggle_plan_enabled','Admin toggled plan enabled','{\"key\": \"dsd\", \"planId\": 4, \"enabled\": false}',23,'2026-01-17 20:52:50'),(76,'info','admin_toggle_plan_enabled','Admin toggled plan enabled','{\"key\": \"pro\", \"planId\": 1, \"enabled\": true}',23,'2026-01-17 20:52:58'),(77,'info','admin_toggle_plan_enabled','Admin toggled plan enabled','{\"key\": \"pro\", \"planId\": 1, \"enabled\": false}',23,'2026-01-17 20:52:59'),(78,'info','admin_toggle_plan_enabled','Admin toggled plan enabled','{\"key\": \"pro\", \"planId\": 1, \"enabled\": true}',23,'2026-01-17 20:53:01'),(79,'info','admin_toggle_plan_enabled','Admin toggled plan enabled','{\"key\": \"pro\", \"planId\": 1, \"enabled\": false}',23,'2026-01-17 20:53:03'),(80,'info','admin_toggle_plan_enabled','Admin toggled plan enabled','{\"key\": \"pro\", \"planId\": 1, \"enabled\": true}',23,'2026-01-17 20:53:04'),(81,'info','admin_toggle_plan_enabled','Admin toggled plan enabled','{\"key\": \"pro\", \"planId\": 1, \"enabled\": false}',23,'2026-01-17 20:53:05'),(82,'info','admin_toggle_plan_enabled','Admin toggled plan enabled','{\"key\": \"pro\", \"planId\": 1, \"enabled\": true}',23,'2026-01-17 20:53:08'),(83,'info','admin_toggle_plan_enabled','Admin toggled plan enabled','{\"key\": \"pro\", \"planId\": 1, \"enabled\": false}',23,'2026-01-17 20:53:12'),(84,'info','admin_toggle_plan_enabled','Admin toggled plan enabled','{\"key\": \"pro\", \"planId\": 1, \"enabled\": true}',23,'2026-01-17 20:53:14'),(85,'info','admin_toggle_plan_enabled','Admin toggled plan enabled','{\"key\": \"pro\", \"planId\": 1, \"enabled\": false}',23,'2026-01-17 20:53:16'),(86,'info','admin_toggle_plan_enabled','Admin toggled plan enabled','{\"key\": \"pro\", \"planId\": 1, \"enabled\": true}',23,'2026-01-17 20:53:22'),(87,'info','admin_toggle_plan_enabled','Admin toggled plan enabled','{\"key\": \"pro\", \"planId\": 1, \"enabled\": false}',23,'2026-01-17 20:53:22'),(88,'info','ADMIN_LOGIN','Admin login success','{\"email\": \"shiraz00012000@gmail.com\"}',23,'2026-01-17 20:53:47'),(89,'info','admin_toggle_plan_enabled','Admin toggled plan enabled','{\"key\": \"pro\", \"planId\": 1, \"enabled\": true}',23,'2026-01-17 20:54:01'),(90,'info','admin_toggle_plan_enabled','Admin toggled plan enabled','{\"key\": \"pro\", \"planId\": 1, \"enabled\": false}',23,'2026-01-17 20:54:01'),(91,'info','admin_toggle_plan_enabled','Admin toggled plan enabled','{\"key\": \"pro\", \"planId\": 1, \"enabled\": true}',23,'2026-01-17 20:57:15'),(92,'info','admin_toggle_plan_enabled','Admin toggled plan enabled','{\"key\": \"pro\", \"planId\": 1, \"enabled\": false}',23,'2026-01-17 20:57:16'),(93,'info','admin_toggle_plan_enabled','Admin toggled plan enabled','{\"key\": \"pro\", \"planId\": 1, \"enabled\": true}',23,'2026-01-17 20:57:16'),(94,'info','admin_toggle_plan_enabled','Admin toggled plan enabled','{\"key\": \"pro\", \"planId\": 1, \"enabled\": false}',23,'2026-01-17 20:57:17'),(95,'info','admin_toggle_plan_enabled','Admin toggled plan enabled','{\"key\": \"pro\", \"planId\": 1, \"enabled\": true}',23,'2026-01-17 20:57:18'),(96,'info','admin_toggle_plan_enabled','Admin toggled plan enabled','{\"key\": \"pro\", \"planId\": 1, \"enabled\": false}',23,'2026-01-17 20:57:19'),(97,'info','admin_toggle_plan_enabled','Admin toggled plan enabled','{\"key\": \"pro\", \"planId\": 1, \"enabled\": true}',23,'2026-01-17 20:57:30'),(98,'info','admin_toggle_plan_enabled','Admin toggled plan enabled','{\"key\": \"pro\", \"planId\": 1, \"enabled\": false}',23,'2026-01-17 20:57:30'),(99,'info','admin_toggle_plan_enabled','Admin toggled plan enabled','{\"key\": \"pro\", \"planId\": 1, \"enabled\": true}',23,'2026-01-17 20:57:31'),(100,'info','admin_toggle_plan_enabled','Admin toggled plan enabled','{\"key\": \"pro\", \"planId\": 1, \"enabled\": false}',23,'2026-01-17 20:57:32'),(101,'info','admin_toggle_plan_enabled','Admin toggled plan enabled','{\"key\": \"pro\", \"planId\": 1, \"enabled\": true}',23,'2026-01-17 20:57:52'),(102,'info','admin_toggle_plan_enabled','Admin toggled plan enabled','{\"key\": \"pro\", \"planId\": 1, \"enabled\": false}',23,'2026-01-17 20:57:53'),(103,'info','admin_toggle_plan_enabled','Admin toggled plan enabled','{\"key\": \"pro\", \"planId\": 1, \"enabled\": true}',23,'2026-01-17 20:58:01'),(104,'info','admin_toggle_plan_enabled','Admin toggled plan enabled','{\"key\": \"pro\", \"planId\": 1, \"enabled\": false}',23,'2026-01-17 20:58:01'),(105,'info','admin_toggle_plan_enabled','Admin toggled plan enabled','{\"key\": \"pro\", \"planId\": 1, \"enabled\": true}',23,'2026-01-17 20:58:04'),(106,'info','admin_toggle_plan_enabled','Admin toggled plan enabled','{\"key\": \"pro\", \"planId\": 1, \"enabled\": false}',23,'2026-01-17 20:58:04'),(107,'info','admin_toggle_plan_enabled','Admin toggled plan enabled','{\"key\": \"pro\", \"planId\": 1, \"enabled\": true}',23,'2026-01-17 20:58:43'),(108,'info','admin_toggle_plan_enabled','Admin toggled plan enabled','{\"key\": \"pro\", \"planId\": 1, \"enabled\": false}',23,'2026-01-17 20:58:43'),(109,'info','admin_toggle_plan_enabled','Admin toggled plan enabled','{\"key\": \"pro\", \"planId\": 1, \"enabled\": true}',23,'2026-01-17 20:59:01'),(110,'info','admin_toggle_plan_enabled','Admin toggled plan enabled','{\"key\": \"pro\", \"planId\": 1, \"enabled\": false}',23,'2026-01-17 20:59:02'),(111,'info','admin_toggle_plan_enabled','Admin toggled plan enabled','{\"key\": \"pro\", \"planId\": 1, \"enabled\": true}',23,'2026-01-17 20:59:03'),(112,'info','admin_toggle_plan_enabled','Admin toggled plan enabled','{\"key\": \"pro\", \"planId\": 1, \"enabled\": false}',23,'2026-01-17 20:59:04'),(113,'info','admin_toggle_plan_enabled','Admin toggled plan enabled','{\"key\": \"pro\", \"planId\": 1, \"enabled\": true}',23,'2026-01-17 20:59:05'),(114,'info','admin_toggle_plan_enabled','Admin toggled plan enabled','{\"key\": \"pro\", \"planId\": 1, \"enabled\": false}',23,'2026-01-17 20:59:06'),(115,'info','admin_toggle_plan_enabled','Admin toggled plan enabled','{\"key\": \"pro\", \"planId\": 1, \"enabled\": true}',23,'2026-01-17 20:59:07'),(116,'info','admin_toggle_plan_enabled','Admin toggled plan enabled','{\"key\": \"pro\", \"planId\": 1, \"enabled\": false}',23,'2026-01-17 20:59:08'),(117,'info','admin_toggle_plan_enabled','Admin toggled plan enabled','{\"key\": \"pro\", \"planId\": 1, \"enabled\": true}',23,'2026-01-17 20:59:08'),(118,'info','admin_toggle_plan_enabled','Admin toggled plan enabled','{\"key\": \"pro\", \"planId\": 1, \"enabled\": false}',23,'2026-01-17 20:59:10'),(119,'info','admin_toggle_plan_enabled','Admin toggled plan enabled','{\"key\": \"pro\", \"planId\": 1, \"enabled\": true}',23,'2026-01-17 20:59:11'),(120,'info','admin_toggle_plan_enabled','Admin toggled plan enabled','{\"key\": \"pro\", \"planId\": 1, \"enabled\": false}',23,'2026-01-17 20:59:26'),(121,'info','admin_toggle_plan_enabled','Admin toggled plan enabled','{\"key\": \"pro\", \"planId\": 1, \"enabled\": true}',23,'2026-01-17 20:59:28'),(122,'info','admin_toggle_plan_enabled','Admin toggled plan enabled','{\"key\": \"pro\", \"planId\": 1, \"enabled\": false}',23,'2026-01-17 20:59:28'),(123,'info','admin_toggle_plan_enabled','Admin toggled plan enabled','{\"key\": \"pro\", \"planId\": 1, \"enabled\": true}',23,'2026-01-17 20:59:29'),(124,'info','admin_toggle_plan_enabled','Admin toggled plan enabled','{\"key\": \"pro\", \"planId\": 1, \"enabled\": false}',23,'2026-01-17 20:59:56'),(125,'info','admin_toggle_plan_enabled','Admin toggled plan enabled','{\"key\": \"pro\", \"planId\": 1, \"enabled\": true}',23,'2026-01-17 20:59:57'),(126,'info','admin_toggle_plan_enabled','Admin toggled plan enabled','{\"key\": \"pro\", \"planId\": 1, \"enabled\": false}',23,'2026-01-17 21:00:05'),(127,'info','admin_toggle_plan_enabled','Admin toggled plan enabled','{\"key\": \"pro\", \"planId\": 1, \"enabled\": true}',23,'2026-01-17 21:00:06'),(128,'info','admin_toggle_plan_enabled','Admin toggled plan enabled','{\"key\": \"pro\", \"planId\": 1, \"enabled\": false}',23,'2026-01-17 21:00:07'),(129,'info','admin_toggle_plan_enabled','Admin toggled plan enabled','{\"key\": \"pro\", \"planId\": 1, \"enabled\": true}',23,'2026-01-17 21:00:07'),(130,'info','admin_toggle_plan_enabled','Admin toggled plan enabled','{\"key\": \"pro\", \"planId\": 1, \"enabled\": false}',23,'2026-01-17 21:00:25'),(131,'info','admin_toggle_plan_enabled','Admin toggled plan enabled','{\"key\": \"pro\", \"planId\": 1, \"enabled\": true}',23,'2026-01-17 21:00:26'),(132,'info','admin_toggle_plan_enabled','Admin toggled plan enabled','{\"key\": \"pro\", \"planId\": 1, \"enabled\": false}',23,'2026-01-17 21:00:29'),(133,'info','admin_toggle_plan_enabled','Admin toggled plan enabled','{\"key\": \"pro\", \"planId\": 1, \"enabled\": true}',23,'2026-01-17 21:00:29'),(134,'info','admin_toggle_plan_enabled','Admin toggled plan enabled','{\"key\": \"pro\", \"planId\": 1, \"enabled\": false}',23,'2026-01-17 21:00:30'),(135,'info','admin_toggle_plan_enabled','Admin toggled plan enabled','{\"key\": \"pro\", \"planId\": 1, \"enabled\": true}',23,'2026-01-17 21:00:30'),(136,'info','admin_toggle_plan_enabled','Admin toggled plan enabled','{\"key\": \"pro\", \"planId\": 1, \"enabled\": false}',23,'2026-01-17 21:00:44'),(137,'info','admin_toggle_plan_enabled','Admin toggled plan enabled','{\"key\": \"pro\", \"planId\": 1, \"enabled\": true}',23,'2026-01-17 21:00:44'),(138,'info','admin_toggle_plan_enabled','Admin toggled plan enabled','{\"key\": \"pro\", \"planId\": 1, \"enabled\": false}',23,'2026-01-17 21:01:06'),(139,'info','admin_toggle_plan_enabled','Admin toggled plan enabled','{\"key\": \"pro\", \"planId\": 1, \"enabled\": true}',23,'2026-01-17 21:01:06'),(140,'info','admin_toggle_plan_enabled','Admin toggled plan enabled','{\"key\": \"pro\", \"planId\": 1, \"enabled\": false}',23,'2026-01-17 21:03:04'),(141,'info','admin_toggle_plan_enabled','Admin toggled plan enabled','{\"key\": \"pro\", \"planId\": 1, \"enabled\": true}',23,'2026-01-17 21:03:05'),(142,'info','admin_toggle_plan_enabled','Admin toggled plan enabled','{\"key\": \"pro\", \"planId\": 1, \"enabled\": false}',23,'2026-01-17 21:03:07'),(143,'info','admin_toggle_plan_enabled','Admin toggled plan enabled','{\"key\": \"pro\", \"planId\": 1, \"enabled\": true}',23,'2026-01-17 21:03:08'),(144,'info','admin_toggle_plan_enabled','Admin toggled plan enabled','{\"key\": \"pro\", \"planId\": 1, \"enabled\": false}',23,'2026-01-17 21:03:24'),(145,'info','admin_toggle_plan_enabled','Admin toggled plan enabled','{\"key\": \"pro\", \"planId\": 1, \"enabled\": true}',23,'2026-01-17 21:03:25'),(146,'info','admin_toggle_plan_enabled','Admin toggled plan enabled','{\"key\": \"pro\", \"planId\": 1, \"enabled\": false}',23,'2026-01-17 21:03:26'),(147,'info','admin_toggle_plan_enabled','Admin toggled plan enabled','{\"key\": \"pro\", \"planId\": 1, \"enabled\": true}',23,'2026-01-17 21:03:26'),(148,'info','admin_toggle_plan_enabled','Admin toggled plan enabled','{\"key\": \"pro\", \"planId\": 1, \"enabled\": false}',23,'2026-01-17 21:03:27'),(149,'info','admin_toggle_plan_enabled','Admin toggled plan enabled','{\"key\": \"pro\", \"planId\": 1, \"enabled\": true}',23,'2026-01-17 21:03:28'),(150,'info','admin_toggle_plan_enabled','Admin toggled plan enabled','{\"key\": \"pro\", \"planId\": 1, \"enabled\": false}',23,'2026-01-17 21:03:29'),(151,'info','admin_toggle_plan_enabled','Admin toggled plan enabled','{\"key\": \"pro\", \"planId\": 1, \"enabled\": true}',23,'2026-01-17 21:03:29'),(152,'info','admin_toggle_plan_enabled','Admin toggled plan enabled','{\"key\": \"pro\", \"planId\": 1, \"enabled\": false}',23,'2026-01-17 21:03:30'),(153,'info','admin_toggle_plan_enabled','Admin toggled plan enabled','{\"key\": \"pro\", \"planId\": 1, \"enabled\": true}',23,'2026-01-17 21:04:59'),(154,'info','admin_toggle_plan_enabled','Admin toggled plan enabled','{\"key\": \"pro\", \"planId\": 1, \"enabled\": false}',23,'2026-01-17 21:05:00'),(155,'info','admin_toggle_plan_enabled','Admin toggled plan enabled','{\"key\": \"pro\", \"planId\": 1, \"enabled\": true}',23,'2026-01-17 21:05:42'),(156,'info','admin_toggle_plan_enabled','Admin toggled plan enabled','{\"key\": \"pro\", \"planId\": 1, \"enabled\": false}',23,'2026-01-17 21:05:43'),(157,'info','admin_toggle_plan_enabled','Admin toggled plan enabled','{\"key\": \"pro\", \"planId\": 1, \"enabled\": true}',23,'2026-01-17 21:06:07'),(158,'info','admin_toggle_plan_enabled','Admin toggled plan enabled','{\"key\": \"pro\", \"planId\": 1, \"enabled\": false}',23,'2026-01-17 21:06:08'),(159,'info','admin_toggle_plan_enabled','Admin toggled plan enabled','{\"key\": \"pro\", \"planId\": 1, \"enabled\": true}',23,'2026-01-17 21:07:20'),(160,'info','admin_toggle_plan_enabled','Admin toggled plan enabled','{\"key\": \"pro\", \"planId\": 1, \"enabled\": false}',23,'2026-01-17 21:07:20'),(161,'info','admin_toggle_plan_enabled','Admin toggled plan enabled','{\"key\": \"pro\", \"planId\": 1, \"enabled\": true}',23,'2026-01-17 21:07:43'),(162,'info','admin_toggle_plan_enabled','Admin toggled plan enabled','{\"key\": \"pro\", \"planId\": 1, \"enabled\": false}',23,'2026-01-17 21:07:44'),(163,'info','admin_toggle_plan_enabled','Admin toggled plan enabled','{\"key\": \"pro\", \"planId\": 1, \"enabled\": true}',23,'2026-01-17 21:07:44'),(164,'info','admin_toggle_plan_enabled','Admin toggled plan enabled','{\"key\": \"pro\", \"planId\": 1, \"enabled\": false}',23,'2026-01-17 21:07:45'),(165,'info','admin_toggle_plan_enabled','Admin toggled plan enabled','{\"key\": \"pro\", \"planId\": 1, \"enabled\": true}',23,'2026-01-17 21:08:01'),(166,'info','admin_toggle_plan_enabled','Admin toggled plan enabled','{\"key\": \"pro\", \"planId\": 1, \"enabled\": false}',23,'2026-01-17 21:08:02'),(167,'info','admin_toggle_plan_enabled','Admin toggled plan enabled','{\"key\": \"pro\", \"planId\": 1, \"enabled\": true}',23,'2026-01-17 21:08:03'),(168,'info','admin_toggle_plan_enabled','Admin toggled plan enabled','{\"key\": \"pro\", \"planId\": 1, \"enabled\": false}',23,'2026-01-17 21:08:04'),(169,'info','admin_toggle_plan_enabled','Admin toggled plan enabled','{\"key\": \"pro\", \"planId\": 1, \"enabled\": true}',23,'2026-01-17 21:08:07'),(170,'info','admin_toggle_plan_enabled','Admin toggled plan enabled','{\"key\": \"pro\", \"planId\": 1, \"enabled\": false}',23,'2026-01-17 21:08:08'),(171,'info','admin_delete_plan','Admin deleted plan','{\"planId\": 4}',23,'2026-01-17 21:10:10'),(172,'info','admin_create_plan','Admin created plan','{\"key\": \"basic\", \"planId\": 5, \"enabled\": true}',23,'2026-01-17 21:10:50'),(173,'info','ADMIN_LOGIN','Admin login success','{\"email\": \"shiraz00012000@gmail.com\"}',23,'2026-01-17 21:11:26'),(174,'info','admin_toggle_plan_enabled','Admin toggled plan enabled','{\"key\": \"basic\", \"planId\": 5, \"enabled\": false}',23,'2026-01-17 21:15:09'),(175,'info','admin_toggle_plan_enabled','Admin toggled plan enabled','{\"key\": \"basic\", \"planId\": 5, \"enabled\": true}',23,'2026-01-17 21:15:11'),(176,'info','admin_toggle_plan_enabled','Admin toggled plan enabled','{\"key\": \"vip\", \"planId\": 3, \"enabled\": true}',23,'2026-01-17 21:15:16'),(177,'info','admin_toggle_plan_enabled','Admin toggled plan enabled','{\"key\": \"trial\", \"planId\": 2, \"enabled\": true}',23,'2026-01-17 21:15:16'),(178,'info','admin_toggle_plan_enabled','Admin toggled plan enabled','{\"key\": \"pro\", \"planId\": 1, \"enabled\": true}',23,'2026-01-17 21:15:17'),(179,'info','admin_toggle_plan_enabled','Admin toggled plan enabled','{\"key\": \"basic\", \"planId\": 5, \"enabled\": false}',23,'2026-01-17 21:15:18'),(180,'info','ADMIN_LOGIN','Admin login success','{\"email\": \"shiraz00012000@gmail.com\"}',23,'2026-01-17 21:15:39'),(181,'info','admin_delete_plan','Admin deleted plan','{\"planId\": 5}',23,'2026-01-17 21:19:33'),(182,'info','ADMIN_LOGIN','Admin login success','{\"email\": \"shiraz00012000@gmail.com\"}',23,'2026-01-17 22:55:02'),(183,'info','admin_update_subscription','Admin updated user subscription','{\"newStatus\": \"active\", \"newExpiresAt\": \"2026-02-03T13:48:22.000Z\", \"targetUserId\": 21}',23,'2026-01-17 22:55:11'),(184,'info','ADMIN_LOGIN','Admin login success','{\"email\": \"shiraz00012000@gmail.com\"}',23,'2026-01-19 21:05:55'),(185,'info','ADMIN_LOGIN','Admin login success','{\"email\": \"shiraz00012000@gmail.com\"}',23,'2026-01-19 21:06:54'),(186,'info','admin_toggle_plan_enabled','Admin toggled plan enabled','{\"key\": \"pro\", \"planId\": 1, \"enabled\": false}',23,'2026-01-19 21:13:21'),(187,'info','admin_toggle_plan_enabled','Admin toggled plan enabled','{\"key\": \"pro\", \"planId\": 1, \"enabled\": true}',23,'2026-01-19 21:13:22'),(188,'info','admin_toggle_plan_enabled','Admin toggled plan enabled','{\"key\": \"pro\", \"planId\": 1, \"enabled\": false}',23,'2026-01-19 21:13:23'),(189,'info','admin_toggle_plan_enabled','Admin toggled plan enabled','{\"key\": \"pro\", \"planId\": 1, \"enabled\": true}',23,'2026-01-19 21:13:24'),(190,'info','admin_toggle_plan_enabled','Admin toggled plan enabled','{\"key\": \"pro\", \"planId\": 1, \"enabled\": false}',23,'2026-01-19 21:13:25'),(191,'info','admin_toggle_plan_enabled','Admin toggled plan enabled','{\"key\": \"pro\", \"planId\": 1, \"enabled\": true}',23,'2026-01-19 21:13:26'),(192,'info','admin_toggle_plan_enabled','Admin toggled plan enabled','{\"key\": \"pro\", \"planId\": 1, \"enabled\": false}',23,'2026-01-19 21:13:28'),(193,'info','admin_toggle_plan_enabled','Admin toggled plan enabled','{\"key\": \"pro\", \"planId\": 1, \"enabled\": true}',23,'2026-01-19 21:13:29'),(194,'info','admin_create_plan','Admin created plan','{\"key\": \"basic\", \"planId\": 6, \"enabled\": true}',23,'2026-01-19 21:24:40'),(195,'info','admin_update_subscription','Admin updated user subscription','{\"newStatus\": \"expired\", \"newExpiresAt\": \"2026-02-03T11:48:22.000Z\", \"targetUserId\": 21}',23,'2026-01-19 21:25:04'),(196,'info','FEATURE_FLAG_TOGGLED','Feature flag toggled','{\"key\": \"module.lyrics\", \"enabled\": true}',23,'2026-01-19 21:26:51'),(197,'info','FEATURE_FLAG_TOGGLED','Feature flag toggled','{\"key\": \"module.lyrics\", \"enabled\": false}',23,'2026-01-19 21:26:53'),(198,'info','FEATURE_FLAG_TOGGLED','Feature flag toggled','{\"key\": \"module.lyrics\", \"enabled\": true}',23,'2026-01-19 21:26:57'),(199,'info','FEATURE_FLAG_TOGGLED','Feature flag toggled','{\"key\": \"module.lyrics\", \"enabled\": false}',23,'2026-01-19 21:27:00'),(200,'info','FEATURE_FLAG_TOGGLED','Feature flag toggled','{\"key\": \"module.lyrics\", \"enabled\": true}',23,'2026-01-19 21:27:02'),(201,'info','FEATURE_FLAG_TOGGLED','Feature flag toggled','{\"key\": \"module.lyrics\", \"enabled\": false}',23,'2026-01-19 21:27:04'),(202,'info','FEATURE_FLAG_TOGGLED','Feature flag toggled','{\"key\": \"module.lineups\", \"enabled\": false}',23,'2026-01-19 21:27:08'),(203,'info','FEATURE_FLAG_TOGGLED','Feature flag toggled','{\"key\": \"module.lineups\", \"enabled\": true}',23,'2026-01-19 21:27:11'),(204,'info','FEATURE_FLAG_TOGGLED','Feature flag toggled','{\"key\": \"module.charts\", \"enabled\": false}',23,'2026-01-19 21:27:16'),(205,'info','FEATURE_FLAG_TOGGLED','Feature flag toggled','{\"key\": \"module.charts\", \"enabled\": true}',23,'2026-01-19 21:27:18'),(206,'info','FEATURE_FLAG_TOGGLED','Feature flag toggled','{\"key\": \"module.lyrics\", \"enabled\": true}',23,'2026-01-19 21:27:19'),(207,'info','FEATURE_FLAG_TOGGLED','Feature flag toggled','{\"key\": \"module.addSongs\", \"enabled\": false}',23,'2026-01-19 21:27:22'),(208,'info','FEATURE_FLAG_TOGGLED','Feature flag toggled','{\"key\": \"module.addSongs\", \"enabled\": true}',23,'2026-01-19 21:27:23'),(209,'info','FEATURE_FLAG_TOGGLED','Feature flag toggled','{\"key\": \"module.addSongs\", \"enabled\": false}',23,'2026-01-19 21:27:25'),(210,'info','FEATURE_FLAG_TOGGLED','Feature flag toggled','{\"key\": \"module.addSongs\", \"enabled\": true}',23,'2026-01-19 21:27:25'),(211,'info','FEATURE_FLAG_TOGGLED','Feature flag toggled','{\"key\": \"module.lyrics\", \"enabled\": false}',23,'2026-01-19 21:30:59'),(212,'info','FEATURE_FLAG_TOGGLED','Feature flag toggled','{\"key\": \"module.lyrics\", \"enabled\": true}',23,'2026-01-19 21:31:56'),(213,'info','FEATURE_FLAG_TOGGLED','Feature flag toggled','{\"key\": \"module.charts\", \"enabled\": false}',23,'2026-01-19 21:32:00'),(214,'info','FEATURE_FLAG_TOGGLED','Feature flag toggled','{\"key\": \"module.lyrics\", \"enabled\": false}',23,'2026-01-19 21:35:20'),(215,'info','FEATURE_FLAG_TOGGLED','Feature flag toggled','{\"key\": \"module.lyrics\", \"enabled\": true}',23,'2026-01-19 21:35:21'),(216,'info','FEATURE_FLAG_TOGGLED','Feature flag toggled','{\"key\": \"module.lyrics\", \"enabled\": false}',23,'2026-01-19 21:35:59'),(217,'info','FEATURE_FLAG_TOGGLED','Feature flag toggled','{\"key\": \"module.lyrics\", \"enabled\": true}',23,'2026-01-19 21:36:07'),(218,'info','FEATURE_FLAG_TOGGLED','Feature flag toggled','{\"key\": \"module.lineups\", \"enabled\": false}',23,'2026-01-19 21:36:11'),(219,'info','FEATURE_FLAG_TOGGLED','Feature flag toggled','{\"key\": \"module.addSongs\", \"enabled\": false}',23,'2026-01-19 21:36:15'),(220,'info','FEATURE_FLAG_TOGGLED','Feature flag toggled','{\"key\": \"module.charts\", \"enabled\": true}',23,'2026-01-19 21:36:21'),(221,'info','FEATURE_FLAG_TOGGLED','Feature flag toggled','{\"key\": \"module.lyrics\", \"enabled\": false}',23,'2026-01-19 21:36:26'),(222,'info','FEATURE_FLAG_TOGGLED','Feature flag toggled','{\"key\": \"module.charts\", \"enabled\": false}',23,'2026-01-19 21:36:28'),(223,'info','FEATURE_FLAG_TOGGLED','Feature flag toggled','{\"key\": \"module.lineups\", \"enabled\": true}',23,'2026-01-19 21:36:40'),(224,'info','FEATURE_FLAG_TOGGLED','Feature flag toggled','{\"key\": \"module.lineups\", \"enabled\": false}',23,'2026-01-19 21:36:50'),(225,'info','FEATURE_FLAG_TOGGLED','Feature flag toggled','{\"key\": \"module.addSongs\", \"enabled\": true}',23,'2026-01-19 21:37:08'),(226,'info','FEATURE_FLAG_TOGGLED','Feature flag toggled','{\"key\": \"module.charts\", \"enabled\": true}',23,'2026-01-19 21:37:09'),(227,'info','FEATURE_FLAG_TOGGLED','Feature flag toggled','{\"key\": \"module.lineups\", \"enabled\": true}',23,'2026-01-19 21:37:10'),(228,'info','FEATURE_FLAG_TOGGLED','Feature flag toggled','{\"key\": \"module.lyrics\", \"enabled\": true}',23,'2026-01-19 21:37:10'),(229,'info','FEATURE_FLAG_TOGGLED','Feature flag toggled','{\"key\": \"module.addSongs\", \"enabled\": false, \"description\": \"יצירה/עריכה/מחיקה של שירים\"}',23,'2026-01-19 21:37:46'),(230,'info','FEATURE_FLAG_TOGGLED','Feature flag toggled','{\"key\": \"module.charts\", \"enabled\": false, \"description\": \"ניהול צ\'ארטים וקבצי תווים\"}',23,'2026-01-19 21:37:54'),(231,'info','FEATURE_FLAG_TOGGLED','Feature flag toggled','{\"key\": \"module.lineups\", \"enabled\": false, \"description\": \"ניהול ליינאפים ושירים בליינאפ\"}',23,'2026-01-19 21:37:55'),(232,'info','FEATURE_FLAG_TOGGLED','Feature flag toggled','{\"key\": \"module.lyrics\", \"enabled\": false, \"description\": \"ניהול מילים לשירים\"}',23,'2026-01-19 21:37:57'),(233,'info','FEATURE_FLAG_TOGGLED','Feature flag toggled','{\"key\": \"module.addSongs\", \"enabled\": true}',23,'2026-01-19 21:38:15'),(234,'info','FEATURE_FLAG_TOGGLED','Feature flag toggled','{\"key\": \"module.charts\", \"enabled\": true}',23,'2026-01-19 21:38:16'),(235,'info','FEATURE_FLAG_TOGGLED','Feature flag toggled','{\"key\": \"module.lineups\", \"enabled\": true}',23,'2026-01-19 21:38:17'),(236,'info','FEATURE_FLAG_TOGGLED','Feature flag toggled','{\"key\": \"module.lyrics\", \"enabled\": true}',23,'2026-01-19 21:38:18'),(237,'info','ADMIN_LOGIN','Admin login success','{\"email\": \"shiraz00012000@gmail.com\"}',23,'2026-01-19 21:38:45'),(238,'info','FEATURE_FLAG_TOGGLED','Feature flag toggled','{\"key\": \"module.addSongs\", \"enabled\": false, \"description\": \"יצירה/עריכה/מחיקה של שירים\"}',23,'2026-01-19 21:44:39'),(239,'info','FEATURE_FLAG_TOGGLED','Feature flag toggled','{\"key\": \"module.charts\", \"enabled\": false, \"description\": \"ניהול צ\'ארטים וקבצי תווים\"}',23,'2026-01-19 21:44:46'),(240,'info','FEATURE_FLAG_TOGGLED','Feature flag toggled','{\"key\": \"module.lineups\", \"enabled\": false, \"description\": \"ניהול ליינאפים ושירים בליינאפ\"}',23,'2026-01-19 21:44:46'),(241,'info','FEATURE_FLAG_TOGGLED','Feature flag toggled','{\"key\": \"module.lyrics\", \"enabled\": false, \"description\": \"ניהול מילים לשירים\"}',23,'2026-01-19 21:44:48'),(242,'info','FEATURE_FLAG_TOGGLED','Feature flag toggled','{\"key\": \"module.charts\", \"enabled\": false, \"description\": \"ניהול צ\'ארטים וקבצי תווים\"}',23,'2026-01-19 21:45:13'),(243,'info','FEATURE_FLAG_TOGGLED','Feature flag toggled','{\"key\": \"module.addSongs\", \"enabled\": true, \"description\": \"יצירה/עריכה/מחיקה של שירים\"}',23,'2026-01-19 21:45:37'),(244,'info','FEATURE_FLAG_TOGGLED','Feature flag toggled','{\"key\": \"module.charts\", \"enabled\": true, \"description\": \"ניהול צ\'ארטים וקבצי תווים\"}',23,'2026-01-19 21:45:46'),(245,'info','FEATURE_FLAG_TOGGLED','Feature flag toggled','{\"key\": \"module.addSongs\", \"enabled\": false, \"description\": \"יצירה/עריכה/מחיקה של שירים\"}',23,'2026-01-19 21:46:01'),(246,'info','FEATURE_FLAG_TOGGLED','Feature flag toggled','{\"key\": \"module.lineups\", \"enabled\": true, \"description\": \"ניהול ליינאפים ושירים בליינאפ\"}',23,'2026-01-19 21:46:06'),(247,'info','FEATURE_FLAG_TOGGLED','Feature flag toggled','{\"key\": \"module.lyrics\", \"enabled\": true, \"description\": \"ניהול מילים לשירים\"}',23,'2026-01-19 21:46:07'),(248,'info','FEATURE_FLAG_TOGGLED','Feature flag toggled','{\"key\": \"module.addSongs\", \"enabled\": true, \"description\": \"יצירה/עריכה/מחיקה של שירים\"}',23,'2026-01-19 21:46:21'),(249,'info','admin_update_subscription','Admin updated user subscription','{\"newStatus\": \"expired\", \"newExpiresAt\": \"2026-02-18T17:26:03.000Z\", \"targetUserId\": 21}',23,'2026-01-19 22:05:49'),(250,'info','admin_update_subscription','Admin updated user subscription','{\"newStatus\": \"expired\", \"newExpiresAt\": \"2027-01-19T18:06:37.000Z\", \"targetUserId\": 21}',23,'2026-01-19 22:10:43');
/*!40000 ALTER TABLE `system_logs` ENABLE KEYS */;
UNLOCK TABLES;

--
-- Table structure for table `user_hosts`
--

DROP TABLE IF EXISTS `user_hosts`;
/*!40101 SET @saved_cs_client     = @@character_set_client */;
/*!50503 SET character_set_client = utf8mb4 */;
CREATE TABLE `user_hosts` (
  `id` int NOT NULL AUTO_INCREMENT,
  `guest_id` int NOT NULL,
  `host_id` int NOT NULL,
  `invitation_status` enum('pending','accepted','rejected') CHARACTER SET utf8mb4 COLLATE utf8mb4_general_ci DEFAULT 'pending',
  `created_at` timestamp NOT NULL DEFAULT CURRENT_TIMESTAMP,
  `updated_at` timestamp NULL DEFAULT NULL,
  PRIMARY KEY (`id`),
  UNIQUE KEY `unique_guest_host` (`guest_id`,`host_id`),
  KEY `guest_id` (`guest_id`),
  KEY `host_id` (`host_id`),
  KEY `idx_guest_status` (`guest_id`,`invitation_status`),
  KEY `idx_host_status` (`host_id`,`invitation_status`),
  CONSTRAINT `user_hosts_ibfk_1` FOREIGN KEY (`guest_id`) REFERENCES `users` (`id`) ON DELETE CASCADE,
  CONSTRAINT `user_hosts_ibfk_2` FOREIGN KEY (`host_id`) REFERENCES `users` (`id`) ON DELETE CASCADE
) ENGINE=InnoDB AUTO_INCREMENT=20 DEFAULT CHARSET=utf8mb4 COLLATE=utf8mb4_general_ci;
/*!40101 SET character_set_client = @saved_cs_client */;

--
-- Dumping data for table `user_hosts`
--

LOCK TABLES `user_hosts` WRITE;
/*!40000 ALTER TABLE `user_hosts` DISABLE KEYS */;
INSERT INTO `user_hosts` VALUES (1,20,19,'accepted','2025-12-08 13:45:01',NULL),(19,21,22,'accepted','2026-01-07 15:58:29',NULL);
/*!40000 ALTER TABLE `user_hosts` ENABLE KEYS */;
UNLOCK TABLES;

--
-- Table structure for table `user_invitations`
--

DROP TABLE IF EXISTS `user_invitations`;
/*!40101 SET @saved_cs_client     = @@character_set_client */;
/*!50503 SET character_set_client = utf8mb4 */;
CREATE TABLE `user_invitations` (
  `id` int NOT NULL AUTO_INCREMENT,
  `email` varchar(190) CHARACTER SET utf8mb4 COLLATE utf8mb4_general_ci NOT NULL,
  `host_id` int NOT NULL,
  `token` varchar(255) CHARACTER SET utf8mb4 COLLATE utf8mb4_general_ci NOT NULL,
  `is_used` tinyint(1) NOT NULL DEFAULT '0',
  `expires_at` datetime NOT NULL,
  `created_at` timestamp NOT NULL DEFAULT CURRENT_TIMESTAMP,
  PRIMARY KEY (`id`),
  KEY `email` (`email`),
  KEY `token` (`token`),
  KEY `host_id` (`host_id`),
  CONSTRAINT `user_invitations_ibfk_1` FOREIGN KEY (`host_id`) REFERENCES `users` (`id`) ON DELETE CASCADE
) ENGINE=InnoDB DEFAULT CHARSET=utf8mb4 COLLATE=utf8mb4_general_ci;
/*!40101 SET character_set_client = @saved_cs_client */;

--
-- Dumping data for table `user_invitations`
--

LOCK TABLES `user_invitations` WRITE;
/*!40000 ALTER TABLE `user_invitations` DISABLE KEYS */;
/*!40000 ALTER TABLE `user_invitations` ENABLE KEYS */;
UNLOCK TABLES;

--
-- Table structure for table `users`
--

DROP TABLE IF EXISTS `users`;
/*!40101 SET @saved_cs_client     = @@character_set_client */;
/*!50503 SET character_set_client = utf8mb4 */;
CREATE TABLE `users` (
  `id` int NOT NULL AUTO_INCREMENT,
  `full_name` varchar(255) CHARACTER SET utf8mb4 COLLATE utf8mb4_general_ci DEFAULT NULL,
  `email` varchar(190) CHARACTER SET utf8mb4 COLLATE utf8mb4_general_ci DEFAULT NULL,
  `password_hash` varchar(255) CHARACTER SET utf8mb4 COLLATE utf8mb4_general_ci DEFAULT NULL,
  `role` enum('admin','manager','user') CHARACTER SET utf8mb4 COLLATE utf8mb4_general_ci NOT NULL DEFAULT 'user',
  `subscription_type` varchar(64) CHARACTER SET utf8mb4 COLLATE utf8mb4_general_ci NOT NULL DEFAULT 'trial',
  `subscription_status` enum('trial','active','expired') CHARACTER SET utf8mb4 COLLATE utf8mb4_general_ci NOT NULL DEFAULT 'trial',
  `subscription_started_at` datetime DEFAULT NULL,
  `subscription_expires_at` datetime DEFAULT NULL,
  `theme` enum('light','dark') CHARACTER SET utf8mb4 COLLATE utf8mb4_general_ci DEFAULT 'dark',
  `invited_by` int DEFAULT NULL,
  `invitation_status` enum('pending','accepted','rejected') CHARACTER SET utf8mb4 COLLATE utf8mb4_general_ci DEFAULT NULL,
  `created_at` timestamp NOT NULL DEFAULT CURRENT_TIMESTAMP,
  `updated_at` timestamp NULL DEFAULT NULL,
  `reset_token` varchar(255) CHARACTER SET utf8mb4 COLLATE utf8mb4_general_ci DEFAULT NULL,
  `reset_expires` bigint DEFAULT NULL,
  `artist_role` varchar(255) CHARACTER SET utf8mb4 COLLATE utf8mb4_general_ci DEFAULT NULL,
  `avatar` varchar(255) CHARACTER SET utf8mb4 COLLATE utf8mb4_general_ci DEFAULT NULL,
  `last_seen_at` datetime DEFAULT NULL,
  PRIMARY KEY (`id`),
  UNIQUE KEY `email` (`email`),
  KEY `invited_by` (`invited_by`),
  CONSTRAINT `users_ibfk_1` FOREIGN KEY (`invited_by`) REFERENCES `users` (`id`) ON DELETE SET NULL
) ENGINE=InnoDB AUTO_INCREMENT=28 DEFAULT CHARSET=utf8mb4 COLLATE=utf8mb4_general_ci;
/*!40101 SET character_set_client = @saved_cs_client */;

--
-- Dumping data for table `users`
--

LOCK TABLES `users` WRITE;
/*!40000 ALTER TABLE `users` DISABLE KEYS */;
INSERT INTO `users` VALUES (19,'רועי','roizohar111@gmail.com','$2a$10$RGCdXZP1wM7PEOXFzWAcXeyifbcG6DGyHW.J14OdGqbCdchCAyoUC','user','trial','trial','2026-01-01 23:05:47','2026-01-15 23:05:47','dark',NULL,NULL,'2025-12-08 06:03:56',NULL,NULL,NULL,'קלידן',NULL,NULL),(20,'יוסי','yosiyoviv@gmail.com','$2a$10$28l2Hg4sJVrRiCTBepqHOegUYWusrNW/vLtQjYtYfx1zR/Kbm1ALO','user','trial','trial','2026-01-01 23:05:47','2026-01-15 13:05:47','dark',19,'accepted','2025-12-08 06:24:31','2026-01-07 20:18:08',NULL,NULL,'בסיסט',NULL,NULL),(21,'משה סבוני','sabonimoshe@gmail.com','$2a$10$/DHRVYxaXiqQ/.HXJptFeuRdsLP17Ik0ZmDfUJbyew9z.qbgQhDwO','user','basic','active','2026-01-20 22:32:43','2026-02-19 22:32:43','dark',NULL,NULL,'2025-12-16 10:43:13','2026-01-20 20:32:43',NULL,NULL,'קלידן','/uploads/users/21/avatar.jpeg','2026-01-20 22:33:14'),(22,'עומר אדם','moshesaboniofficial@gmail.com','$2a$10$miwrSoBdp01Hjsiwb7njSuwIMCiDRUm0cumLLFVjiuhTVVILt7d2e','user','pro','active','2026-01-06 23:26:55','2026-05-31 21:26:00','dark',NULL,NULL,'2025-12-16 10:43:42','2026-01-07 20:19:15',NULL,NULL,'זמר','/uploads/users/22/avatar.jpg','2026-01-19 22:05:25'),(23,'שירז סבוני','shiraz00012000@gmail.com','$2a$10$P2G4DktbdysJJh/aCXtW1e0mHT7StM8nm8KzW417wg8NGTsxF98sK','admin','pro','active','2026-01-01 23:05:47','2026-01-06 19:31:00','dark',NULL,NULL,'2025-12-16 10:44:01','2026-01-07 20:20:08',NULL,NULL,'זמרת','/uploads/users/23/avatar.jpeg','2026-01-19 22:12:36');
/*!40000 ALTER TABLE `users` ENABLE KEYS */;
UNLOCK TABLES;
/*!40103 SET TIME_ZONE=@OLD_TIME_ZONE */;

/*!40101 SET SQL_MODE=@OLD_SQL_MODE */;
/*!40014 SET FOREIGN_KEY_CHECKS=@OLD_FOREIGN_KEY_CHECKS */;
/*!40014 SET UNIQUE_CHECKS=@OLD_UNIQUE_CHECKS */;
/*!40101 SET CHARACTER_SET_CLIENT=@OLD_CHARACTER_SET_CLIENT */;
/*!40101 SET CHARACTER_SET_RESULTS=@OLD_CHARACTER_SET_RESULTS */;
/*!40101 SET COLLATION_CONNECTION=@OLD_COLLATION_CONNECTION */;
/*!40111 SET SQL_NOTES=@OLD_SQL_NOTES */;

-- Dump completed on 2026-01-20 22:33:16
